&a[0][0], 0x55ac54a78330
&b[0], 0x55ac54a78c30
&a[0][1], 0x55ac54a78338
&b[1], 0x55ac54a78c38
&a[0][2], 0x55ac54a78340
&b[2], 0x55ac54a78c40
&a[0][3], 0x55ac54a78348
&b[3], 0x55ac54a78c48
&a[0][4], 0x55ac54a78350
&b[4], 0x55ac54a78c50
&a[0][5], 0x55ac54a78358
&b[5], 0x55ac54a78c58
&a[0][6], 0x55ac54a78360
&b[6], 0x55ac54a78c60
&a[0][7], 0x55ac54a78368
&b[7], 0x55ac54a78c68
&a[0][8], 0x55ac54a78370
&b[8], 0x55ac54a78c70
&a[0][9], 0x55ac54a78378
&b[9], 0x55ac54a78c78
&a[0][10], 0x55ac54a78380
&b[10], 0x55ac54a78c80
&a[0][11], 0x55ac54a78388
&b[11], 0x55ac54a78c88
&a[0][12], 0x55ac54a78390
&b[12], 0x55ac54a78c90
&a[0][13], 0x55ac54a78398
&b[13], 0x55ac54a78c98
&a[0][14], 0x55ac54a783a0
&b[14], 0x55ac54a78ca0
&a[0][15], 0x55ac54a783a8
&b[15], 0x55ac54a78ca8
&c[0], 0x55ac54a78cc0
&a[1][0], 0x55ac54a783c0
&b[0], 0x55ac54a78c30
&a[1][1], 0x55ac54a783c8
&b[1], 0x55ac54a78c38
&a[1][2], 0x55ac54a783d0
&b[2], 0x55ac54a78c40
&a[1][3], 0x55ac54a783d8
&b[3], 0x55ac54a78c48
&a[1][4], 0x55ac54a783e0
&b[4], 0x55ac54a78c50
&a[1][5], 0x55ac54a783e8
&b[5], 0x55ac54a78c58
&a[1][6], 0x55ac54a783f0
&b[6], 0x55ac54a78c60
&a[1][7], 0x55ac54a783f8
&b[7], 0x55ac54a78c68
&a[1][8], 0x55ac54a78400
&b[8], 0x55ac54a78c70
&a[1][9], 0x55ac54a78408
&b[9], 0x55ac54a78c78
&a[1][10], 0x55ac54a78410
&b[10], 0x55ac54a78c80
&a[1][11], 0x55ac54a78418
&b[11], 0x55ac54a78c88
&a[1][12], 0x55ac54a78420
&b[12], 0x55ac54a78c90
&a[1][13], 0x55ac54a78428
&b[13], 0x55ac54a78c98
&a[1][14], 0x55ac54a78430
&b[14], 0x55ac54a78ca0
&a[1][15], 0x55ac54a78438
&b[15], 0x55ac54a78ca8
&c[1], 0x55ac54a78cc8
&a[2][0], 0x55ac54a78450
&b[0], 0x55ac54a78c30
&a[2][1], 0x55ac54a78458
&b[1], 0x55ac54a78c38
&a[2][2], 0x55ac54a78460
&b[2], 0x55ac54a78c40
&a[2][3], 0x55ac54a78468
&b[3], 0x55ac54a78c48
&a[2][4], 0x55ac54a78470
&b[4], 0x55ac54a78c50
&a[2][5], 0x55ac54a78478
&b[5], 0x55ac54a78c58
&a[2][6], 0x55ac54a78480
&b[6], 0x55ac54a78c60
&a[2][7], 0x55ac54a78488
&b[7], 0x55ac54a78c68
&a[2][8], 0x55ac54a78490
&b[8], 0x55ac54a78c70
&a[2][9], 0x55ac54a78498
&b[9], 0x55ac54a78c78
&a[2][10], 0x55ac54a784a0
&b[10], 0x55ac54a78c80
&a[2][11], 0x55ac54a784a8
&b[11], 0x55ac54a78c88
&a[2][12], 0x55ac54a784b0
&b[12], 0x55ac54a78c90
&a[2][13], 0x55ac54a784b8
&b[13], 0x55ac54a78c98
&a[2][14], 0x55ac54a784c0
&b[14], 0x55ac54a78ca0
&a[2][15], 0x55ac54a784c8
&b[15], 0x55ac54a78ca8
&c[2], 0x55ac54a78cd0
&a[3][0], 0x55ac54a784e0
&b[0], 0x55ac54a78c30
&a[3][1], 0x55ac54a784e8
&b[1], 0x55ac54a78c38
&a[3][2], 0x55ac54a784f0
&b[2], 0x55ac54a78c40
&a[3][3], 0x55ac54a784f8
&b[3], 0x55ac54a78c48
&a[3][4], 0x55ac54a78500
&b[4], 0x55ac54a78c50
&a[3][5], 0x55ac54a78508
&b[5], 0x55ac54a78c58
&a[3][6], 0x55ac54a78510
&b[6], 0x55ac54a78c60
&a[3][7], 0x55ac54a78518
&b[7], 0x55ac54a78c68
&a[3][8], 0x55ac54a78520
&b[8], 0x55ac54a78c70
&a[3][9], 0x55ac54a78528
&b[9], 0x55ac54a78c78
&a[3][10], 0x55ac54a78530
&b[10], 0x55ac54a78c80
&a[3][11], 0x55ac54a78538
&b[11], 0x55ac54a78c88
&a[3][12], 0x55ac54a78540
&b[12], 0x55ac54a78c90
&a[3][13], 0x55ac54a78548
&b[13], 0x55ac54a78c98
&a[3][14], 0x55ac54a78550
&b[14], 0x55ac54a78ca0
&a[3][15], 0x55ac54a78558
&b[15], 0x55ac54a78ca8
&c[3], 0x55ac54a78cd8
&a[4][0], 0x55ac54a78570
&b[0], 0x55ac54a78c30
&a[4][1], 0x55ac54a78578
&b[1], 0x55ac54a78c38
&a[4][2], 0x55ac54a78580
&b[2], 0x55ac54a78c40
&a[4][3], 0x55ac54a78588
&b[3], 0x55ac54a78c48
&a[4][4], 0x55ac54a78590
&b[4], 0x55ac54a78c50
&a[4][5], 0x55ac54a78598
&b[5], 0x55ac54a78c58
&a[4][6], 0x55ac54a785a0
&b[6], 0x55ac54a78c60
&a[4][7], 0x55ac54a785a8
&b[7], 0x55ac54a78c68
&a[4][8], 0x55ac54a785b0
&b[8], 0x55ac54a78c70
&a[4][9], 0x55ac54a785b8
&b[9], 0x55ac54a78c78
&a[4][10], 0x55ac54a785c0
&b[10], 0x55ac54a78c80
&a[4][11], 0x55ac54a785c8
&b[11], 0x55ac54a78c88
&a[4][12], 0x55ac54a785d0
&b[12], 0x55ac54a78c90
&a[4][13], 0x55ac54a785d8
&b[13], 0x55ac54a78c98
&a[4][14], 0x55ac54a785e0
&b[14], 0x55ac54a78ca0
&a[4][15], 0x55ac54a785e8
&b[15], 0x55ac54a78ca8
&c[4], 0x55ac54a78ce0
&a[5][0], 0x55ac54a78600
&b[0], 0x55ac54a78c30
&a[5][1], 0x55ac54a78608
&b[1], 0x55ac54a78c38
&a[5][2], 0x55ac54a78610
&b[2], 0x55ac54a78c40
&a[5][3], 0x55ac54a78618
&b[3], 0x55ac54a78c48
&a[5][4], 0x55ac54a78620
&b[4], 0x55ac54a78c50
&a[5][5], 0x55ac54a78628
&b[5], 0x55ac54a78c58
&a[5][6], 0x55ac54a78630
&b[6], 0x55ac54a78c60
&a[5][7], 0x55ac54a78638
&b[7], 0x55ac54a78c68
&a[5][8], 0x55ac54a78640
&b[8], 0x55ac54a78c70
&a[5][9], 0x55ac54a78648
&b[9], 0x55ac54a78c78
&a[5][10], 0x55ac54a78650
&b[10], 0x55ac54a78c80
&a[5][11], 0x55ac54a78658
&b[11], 0x55ac54a78c88
&a[5][12], 0x55ac54a78660
&b[12], 0x55ac54a78c90
&a[5][13], 0x55ac54a78668
&b[13], 0x55ac54a78c98
&a[5][14], 0x55ac54a78670
&b[14], 0x55ac54a78ca0
&a[5][15], 0x55ac54a78678
&b[15], 0x55ac54a78ca8
&c[5], 0x55ac54a78ce8
&a[6][0], 0x55ac54a78690
&b[0], 0x55ac54a78c30
&a[6][1], 0x55ac54a78698
&b[1], 0x55ac54a78c38
&a[6][2], 0x55ac54a786a0
&b[2], 0x55ac54a78c40
&a[6][3], 0x55ac54a786a8
&b[3], 0x55ac54a78c48
&a[6][4], 0x55ac54a786b0
&b[4], 0x55ac54a78c50
&a[6][5], 0x55ac54a786b8
&b[5], 0x55ac54a78c58
&a[6][6], 0x55ac54a786c0
&b[6], 0x55ac54a78c60
&a[6][7], 0x55ac54a786c8
&b[7], 0x55ac54a78c68
&a[6][8], 0x55ac54a786d0
&b[8], 0x55ac54a78c70
&a[6][9], 0x55ac54a786d8
&b[9], 0x55ac54a78c78
&a[6][10], 0x55ac54a786e0
&b[10], 0x55ac54a78c80
&a[6][11], 0x55ac54a786e8
&b[11], 0x55ac54a78c88
&a[6][12], 0x55ac54a786f0
&b[12], 0x55ac54a78c90
&a[6][13], 0x55ac54a786f8
&b[13], 0x55ac54a78c98
&a[6][14], 0x55ac54a78700
&b[14], 0x55ac54a78ca0
&a[6][15], 0x55ac54a78708
&b[15], 0x55ac54a78ca8
&c[6], 0x55ac54a78cf0
&a[7][0], 0x55ac54a78720
&b[0], 0x55ac54a78c30
&a[7][1], 0x55ac54a78728
&b[1], 0x55ac54a78c38
&a[7][2], 0x55ac54a78730
&b[2], 0x55ac54a78c40
&a[7][3], 0x55ac54a78738
&b[3], 0x55ac54a78c48
&a[7][4], 0x55ac54a78740
&b[4], 0x55ac54a78c50
&a[7][5], 0x55ac54a78748
&b[5], 0x55ac54a78c58
&a[7][6], 0x55ac54a78750
&b[6], 0x55ac54a78c60
&a[7][7], 0x55ac54a78758
&b[7], 0x55ac54a78c68
&a[7][8], 0x55ac54a78760
&b[8], 0x55ac54a78c70
&a[7][9], 0x55ac54a78768
&b[9], 0x55ac54a78c78
&a[7][10], 0x55ac54a78770
&b[10], 0x55ac54a78c80
&a[7][11], 0x55ac54a78778
&b[11], 0x55ac54a78c88
&a[7][12], 0x55ac54a78780
&b[12], 0x55ac54a78c90
&a[7][13], 0x55ac54a78788
&b[13], 0x55ac54a78c98
&a[7][14], 0x55ac54a78790
&b[14], 0x55ac54a78ca0
&a[7][15], 0x55ac54a78798
&b[15], 0x55ac54a78ca8
&c[7], 0x55ac54a78cf8
&a[8][0], 0x55ac54a787b0
&b[0], 0x55ac54a78c30
&a[8][1], 0x55ac54a787b8
&b[1], 0x55ac54a78c38
&a[8][2], 0x55ac54a787c0
&b[2], 0x55ac54a78c40
&a[8][3], 0x55ac54a787c8
&b[3], 0x55ac54a78c48
&a[8][4], 0x55ac54a787d0
&b[4], 0x55ac54a78c50
&a[8][5], 0x55ac54a787d8
&b[5], 0x55ac54a78c58
&a[8][6], 0x55ac54a787e0
&b[6], 0x55ac54a78c60
&a[8][7], 0x55ac54a787e8
&b[7], 0x55ac54a78c68
&a[8][8], 0x55ac54a787f0
&b[8], 0x55ac54a78c70
&a[8][9], 0x55ac54a787f8
&b[9], 0x55ac54a78c78
&a[8][10], 0x55ac54a78800
&b[10], 0x55ac54a78c80
&a[8][11], 0x55ac54a78808
&b[11], 0x55ac54a78c88
&a[8][12], 0x55ac54a78810
&b[12], 0x55ac54a78c90
&a[8][13], 0x55ac54a78818
&b[13], 0x55ac54a78c98
&a[8][14], 0x55ac54a78820
&b[14], 0x55ac54a78ca0
&a[8][15], 0x55ac54a78828
&b[15], 0x55ac54a78ca8
&c[8], 0x55ac54a78d00
&a[9][0], 0x55ac54a78840
&b[0], 0x55ac54a78c30
&a[9][1], 0x55ac54a78848
&b[1], 0x55ac54a78c38
&a[9][2], 0x55ac54a78850
&b[2], 0x55ac54a78c40
&a[9][3], 0x55ac54a78858
&b[3], 0x55ac54a78c48
&a[9][4], 0x55ac54a78860
&b[4], 0x55ac54a78c50
&a[9][5], 0x55ac54a78868
&b[5], 0x55ac54a78c58
&a[9][6], 0x55ac54a78870
&b[6], 0x55ac54a78c60
&a[9][7], 0x55ac54a78878
&b[7], 0x55ac54a78c68
&a[9][8], 0x55ac54a78880
&b[8], 0x55ac54a78c70
&a[9][9], 0x55ac54a78888
&b[9], 0x55ac54a78c78
&a[9][10], 0x55ac54a78890
&b[10], 0x55ac54a78c80
&a[9][11], 0x55ac54a78898
&b[11], 0x55ac54a78c88
&a[9][12], 0x55ac54a788a0
&b[12], 0x55ac54a78c90
&a[9][13], 0x55ac54a788a8
&b[13], 0x55ac54a78c98
&a[9][14], 0x55ac54a788b0
&b[14], 0x55ac54a78ca0
&a[9][15], 0x55ac54a788b8
&b[15], 0x55ac54a78ca8
&c[9], 0x55ac54a78d08
&a[10][0], 0x55ac54a788d0
&b[0], 0x55ac54a78c30
&a[10][1], 0x55ac54a788d8
&b[1], 0x55ac54a78c38
&a[10][2], 0x55ac54a788e0
&b[2], 0x55ac54a78c40
&a[10][3], 0x55ac54a788e8
&b[3], 0x55ac54a78c48
&a[10][4], 0x55ac54a788f0
&b[4], 0x55ac54a78c50
&a[10][5], 0x55ac54a788f8
&b[5], 0x55ac54a78c58
&a[10][6], 0x55ac54a78900
&b[6], 0x55ac54a78c60
&a[10][7], 0x55ac54a78908
&b[7], 0x55ac54a78c68
&a[10][8], 0x55ac54a78910
&b[8], 0x55ac54a78c70
&a[10][9], 0x55ac54a78918
&b[9], 0x55ac54a78c78
&a[10][10], 0x55ac54a78920
&b[10], 0x55ac54a78c80
&a[10][11], 0x55ac54a78928
&b[11], 0x55ac54a78c88
&a[10][12], 0x55ac54a78930
&b[12], 0x55ac54a78c90
&a[10][13], 0x55ac54a78938
&b[13], 0x55ac54a78c98
&a[10][14], 0x55ac54a78940
&b[14], 0x55ac54a78ca0
&a[10][15], 0x55ac54a78948
&b[15], 0x55ac54a78ca8
&c[10], 0x55ac54a78d10
&a[11][0], 0x55ac54a78960
&b[0], 0x55ac54a78c30
&a[11][1], 0x55ac54a78968
&b[1], 0x55ac54a78c38
&a[11][2], 0x55ac54a78970
&b[2], 0x55ac54a78c40
&a[11][3], 0x55ac54a78978
&b[3], 0x55ac54a78c48
&a[11][4], 0x55ac54a78980
&b[4], 0x55ac54a78c50
&a[11][5], 0x55ac54a78988
&b[5], 0x55ac54a78c58
&a[11][6], 0x55ac54a78990
&b[6], 0x55ac54a78c60
&a[11][7], 0x55ac54a78998
&b[7], 0x55ac54a78c68
&a[11][8], 0x55ac54a789a0
&b[8], 0x55ac54a78c70
&a[11][9], 0x55ac54a789a8
&b[9], 0x55ac54a78c78
&a[11][10], 0x55ac54a789b0
&b[10], 0x55ac54a78c80
&a[11][11], 0x55ac54a789b8
&b[11], 0x55ac54a78c88
&a[11][12], 0x55ac54a789c0
&b[12], 0x55ac54a78c90
&a[11][13], 0x55ac54a789c8
&b[13], 0x55ac54a78c98
&a[11][14], 0x55ac54a789d0
&b[14], 0x55ac54a78ca0
&a[11][15], 0x55ac54a789d8
&b[15], 0x55ac54a78ca8
&c[11], 0x55ac54a78d18
&a[12][0], 0x55ac54a789f0
&b[0], 0x55ac54a78c30
&a[12][1], 0x55ac54a789f8
&b[1], 0x55ac54a78c38
&a[12][2], 0x55ac54a78a00
&b[2], 0x55ac54a78c40
&a[12][3], 0x55ac54a78a08
&b[3], 0x55ac54a78c48
&a[12][4], 0x55ac54a78a10
&b[4], 0x55ac54a78c50
&a[12][5], 0x55ac54a78a18
&b[5], 0x55ac54a78c58
&a[12][6], 0x55ac54a78a20
&b[6], 0x55ac54a78c60
&a[12][7], 0x55ac54a78a28
&b[7], 0x55ac54a78c68
&a[12][8], 0x55ac54a78a30
&b[8], 0x55ac54a78c70
&a[12][9], 0x55ac54a78a38
&b[9], 0x55ac54a78c78
&a[12][10], 0x55ac54a78a40
&b[10], 0x55ac54a78c80
&a[12][11], 0x55ac54a78a48
&b[11], 0x55ac54a78c88
&a[12][12], 0x55ac54a78a50
&b[12], 0x55ac54a78c90
&a[12][13], 0x55ac54a78a58
&b[13], 0x55ac54a78c98
&a[12][14], 0x55ac54a78a60
&b[14], 0x55ac54a78ca0
&a[12][15], 0x55ac54a78a68
&b[15], 0x55ac54a78ca8
&c[12], 0x55ac54a78d20
&a[13][0], 0x55ac54a78a80
&b[0], 0x55ac54a78c30
&a[13][1], 0x55ac54a78a88
&b[1], 0x55ac54a78c38
&a[13][2], 0x55ac54a78a90
&b[2], 0x55ac54a78c40
&a[13][3], 0x55ac54a78a98
&b[3], 0x55ac54a78c48
&a[13][4], 0x55ac54a78aa0
&b[4], 0x55ac54a78c50
&a[13][5], 0x55ac54a78aa8
&b[5], 0x55ac54a78c58
&a[13][6], 0x55ac54a78ab0
&b[6], 0x55ac54a78c60
&a[13][7], 0x55ac54a78ab8
&b[7], 0x55ac54a78c68
&a[13][8], 0x55ac54a78ac0
&b[8], 0x55ac54a78c70
&a[13][9], 0x55ac54a78ac8
&b[9], 0x55ac54a78c78
&a[13][10], 0x55ac54a78ad0
&b[10], 0x55ac54a78c80
&a[13][11], 0x55ac54a78ad8
&b[11], 0x55ac54a78c88
&a[13][12], 0x55ac54a78ae0
&b[12], 0x55ac54a78c90
&a[13][13], 0x55ac54a78ae8
&b[13], 0x55ac54a78c98
&a[13][14], 0x55ac54a78af0
&b[14], 0x55ac54a78ca0
&a[13][15], 0x55ac54a78af8
&b[15], 0x55ac54a78ca8
&c[13], 0x55ac54a78d28
&a[14][0], 0x55ac54a78b10
&b[0], 0x55ac54a78c30
&a[14][1], 0x55ac54a78b18
&b[1], 0x55ac54a78c38
&a[14][2], 0x55ac54a78b20
&b[2], 0x55ac54a78c40
&a[14][3], 0x55ac54a78b28
&b[3], 0x55ac54a78c48
&a[14][4], 0x55ac54a78b30
&b[4], 0x55ac54a78c50
&a[14][5], 0x55ac54a78b38
&b[5], 0x55ac54a78c58
&a[14][6], 0x55ac54a78b40
&b[6], 0x55ac54a78c60
&a[14][7], 0x55ac54a78b48
&b[7], 0x55ac54a78c68
&a[14][8], 0x55ac54a78b50
&b[8], 0x55ac54a78c70
&a[14][9], 0x55ac54a78b58
&b[9], 0x55ac54a78c78
&a[14][10], 0x55ac54a78b60
&b[10], 0x55ac54a78c80
&a[14][11], 0x55ac54a78b68
&b[11], 0x55ac54a78c88
&a[14][12], 0x55ac54a78b70
&b[12], 0x55ac54a78c90
&a[14][13], 0x55ac54a78b78
&b[13], 0x55ac54a78c98
&a[14][14], 0x55ac54a78b80
&b[14], 0x55ac54a78ca0
&a[14][15], 0x55ac54a78b88
&b[15], 0x55ac54a78ca8
&c[14], 0x55ac54a78d30
&a[15][0], 0x55ac54a78ba0
&b[0], 0x55ac54a78c30
&a[15][1], 0x55ac54a78ba8
&b[1], 0x55ac54a78c38
&a[15][2], 0x55ac54a78bb0
&b[2], 0x55ac54a78c40
&a[15][3], 0x55ac54a78bb8
&b[3], 0x55ac54a78c48
&a[15][4], 0x55ac54a78bc0
&b[4], 0x55ac54a78c50
&a[15][5], 0x55ac54a78bc8
&b[5], 0x55ac54a78c58
&a[15][6], 0x55ac54a78bd0
&b[6], 0x55ac54a78c60
&a[15][7], 0x55ac54a78bd8
&b[7], 0x55ac54a78c68
&a[15][8], 0x55ac54a78be0
&b[8], 0x55ac54a78c70
&a[15][9], 0x55ac54a78be8
&b[9], 0x55ac54a78c78
&a[15][10], 0x55ac54a78bf0
&b[10], 0x55ac54a78c80
&a[15][11], 0x55ac54a78bf8
&b[11], 0x55ac54a78c88
&a[15][12], 0x55ac54a78c00
&b[12], 0x55ac54a78c90
&a[15][13], 0x55ac54a78c08
&b[13], 0x55ac54a78c98
&a[15][14], 0x55ac54a78c10
&b[14], 0x55ac54a78ca0
&a[15][15], 0x55ac54a78c18
&b[15], 0x55ac54a78ca8
&c[15], 0x55ac54a78d38
28799.000000,22046
&a[0][0], 0x55dc16dd9330
&b[0], 0x55dc16dd9c30
&a[0][1], 0x55dc16dd9338
&b[1], 0x55dc16dd9c38
&a[0][2], 0x55dc16dd9340
&b[2], 0x55dc16dd9c40
&a[0][3], 0x55dc16dd9348
&b[3], 0x55dc16dd9c48
&a[0][4], 0x55dc16dd9350
&b[4], 0x55dc16dd9c50
&a[0][5], 0x55dc16dd9358
&b[5], 0x55dc16dd9c58
&a[0][6], 0x55dc16dd9360
&b[6], 0x55dc16dd9c60
&a[0][7], 0x55dc16dd9368
&b[7], 0x55dc16dd9c68
&a[0][8], 0x55dc16dd9370
&b[8], 0x55dc16dd9c70
&a[0][9], 0x55dc16dd9378
&b[9], 0x55dc16dd9c78
&a[0][10], 0x55dc16dd9380
&b[10], 0x55dc16dd9c80
&a[0][11], 0x55dc16dd9388
&b[11], 0x55dc16dd9c88
&a[0][12], 0x55dc16dd9390
&b[12], 0x55dc16dd9c90
&a[0][13], 0x55dc16dd9398
&b[13], 0x55dc16dd9c98
&a[0][14], 0x55dc16dd93a0
&b[14], 0x55dc16dd9ca0
&a[0][15], 0x55dc16dd93a8
&b[15], 0x55dc16dd9ca8
&c[0], 0x55dc16dd9cc0
&a[1][0], 0x55dc16dd93c0
&b[0], 0x55dc16dd9c30
&a[1][1], 0x55dc16dd93c8
&b[1], 0x55dc16dd9c38
&a[1][2], 0x55dc16dd93d0
&b[2], 0x55dc16dd9c40
&a[1][3], 0x55dc16dd93d8
&b[3], 0x55dc16dd9c48
&a[1][4], 0x55dc16dd93e0
&b[4], 0x55dc16dd9c50
&a[1][5], 0x55dc16dd93e8
&b[5], 0x55dc16dd9c58
&a[1][6], 0x55dc16dd93f0
&b[6], 0x55dc16dd9c60
&a[1][7], 0x55dc16dd93f8
&b[7], 0x55dc16dd9c68
&a[1][8], 0x55dc16dd9400
&b[8], 0x55dc16dd9c70
&a[1][9], 0x55dc16dd9408
&b[9], 0x55dc16dd9c78
&a[1][10], 0x55dc16dd9410
&b[10], 0x55dc16dd9c80
&a[1][11], 0x55dc16dd9418
&b[11], 0x55dc16dd9c88
&a[1][12], 0x55dc16dd9420
&b[12], 0x55dc16dd9c90
&a[1][13], 0x55dc16dd9428
&b[13], 0x55dc16dd9c98
&a[1][14], 0x55dc16dd9430
&b[14], 0x55dc16dd9ca0
&a[1][15], 0x55dc16dd9438
&b[15], 0x55dc16dd9ca8
&c[1], 0x55dc16dd9cc8
&a[2][0], 0x55dc16dd9450
&b[0], 0x55dc16dd9c30
&a[2][1], 0x55dc16dd9458
&b[1], 0x55dc16dd9c38
&a[2][2], 0x55dc16dd9460
&b[2], 0x55dc16dd9c40
&a[2][3], 0x55dc16dd9468
&b[3], 0x55dc16dd9c48
&a[2][4], 0x55dc16dd9470
&b[4], 0x55dc16dd9c50
&a[2][5], 0x55dc16dd9478
&b[5], 0x55dc16dd9c58
&a[2][6], 0x55dc16dd9480
&b[6], 0x55dc16dd9c60
&a[2][7], 0x55dc16dd9488
&b[7], 0x55dc16dd9c68
&a[2][8], 0x55dc16dd9490
&b[8], 0x55dc16dd9c70
&a[2][9], 0x55dc16dd9498
&b[9], 0x55dc16dd9c78
&a[2][10], 0x55dc16dd94a0
&b[10], 0x55dc16dd9c80
&a[2][11], 0x55dc16dd94a8
&b[11], 0x55dc16dd9c88
&a[2][12], 0x55dc16dd94b0
&b[12], 0x55dc16dd9c90
&a[2][13], 0x55dc16dd94b8
&b[13], 0x55dc16dd9c98
&a[2][14], 0x55dc16dd94c0
&b[14], 0x55dc16dd9ca0
&a[2][15], 0x55dc16dd94c8
&b[15], 0x55dc16dd9ca8
&c[2], 0x55dc16dd9cd0
&a[3][0], 0x55dc16dd94e0
&b[0], 0x55dc16dd9c30
&a[3][1], 0x55dc16dd94e8
&b[1], 0x55dc16dd9c38
&a[3][2], 0x55dc16dd94f0
&b[2], 0x55dc16dd9c40
&a[3][3], 0x55dc16dd94f8
&b[3], 0x55dc16dd9c48
&a[3][4], 0x55dc16dd9500
&b[4], 0x55dc16dd9c50
&a[3][5], 0x55dc16dd9508
&b[5], 0x55dc16dd9c58
&a[3][6], 0x55dc16dd9510
&b[6], 0x55dc16dd9c60
&a[3][7], 0x55dc16dd9518
&b[7], 0x55dc16dd9c68
&a[3][8], 0x55dc16dd9520
&b[8], 0x55dc16dd9c70
&a[3][9], 0x55dc16dd9528
&b[9], 0x55dc16dd9c78
&a[3][10], 0x55dc16dd9530
&b[10], 0x55dc16dd9c80
&a[3][11], 0x55dc16dd9538
&b[11], 0x55dc16dd9c88
&a[3][12], 0x55dc16dd9540
&b[12], 0x55dc16dd9c90
&a[3][13], 0x55dc16dd9548
&b[13], 0x55dc16dd9c98
&a[3][14], 0x55dc16dd9550
&b[14], 0x55dc16dd9ca0
&a[3][15], 0x55dc16dd9558
&b[15], 0x55dc16dd9ca8
&c[3], 0x55dc16dd9cd8
&a[4][0], 0x55dc16dd9570
&b[0], 0x55dc16dd9c30
&a[4][1], 0x55dc16dd9578
&b[1], 0x55dc16dd9c38
&a[4][2], 0x55dc16dd9580
&b[2], 0x55dc16dd9c40
&a[4][3], 0x55dc16dd9588
&b[3], 0x55dc16dd9c48
&a[4][4], 0x55dc16dd9590
&b[4], 0x55dc16dd9c50
&a[4][5], 0x55dc16dd9598
&b[5], 0x55dc16dd9c58
&a[4][6], 0x55dc16dd95a0
&b[6], 0x55dc16dd9c60
&a[4][7], 0x55dc16dd95a8
&b[7], 0x55dc16dd9c68
&a[4][8], 0x55dc16dd95b0
&b[8], 0x55dc16dd9c70
&a[4][9], 0x55dc16dd95b8
&b[9], 0x55dc16dd9c78
&a[4][10], 0x55dc16dd95c0
&b[10], 0x55dc16dd9c80
&a[4][11], 0x55dc16dd95c8
&b[11], 0x55dc16dd9c88
&a[4][12], 0x55dc16dd95d0
&b[12], 0x55dc16dd9c90
&a[4][13], 0x55dc16dd95d8
&b[13], 0x55dc16dd9c98
&a[4][14], 0x55dc16dd95e0
&b[14], 0x55dc16dd9ca0
&a[4][15], 0x55dc16dd95e8
&b[15], 0x55dc16dd9ca8
&c[4], 0x55dc16dd9ce0
&a[5][0], 0x55dc16dd9600
&b[0], 0x55dc16dd9c30
&a[5][1], 0x55dc16dd9608
&b[1], 0x55dc16dd9c38
&a[5][2], 0x55dc16dd9610
&b[2], 0x55dc16dd9c40
&a[5][3], 0x55dc16dd9618
&b[3], 0x55dc16dd9c48
&a[5][4], 0x55dc16dd9620
&b[4], 0x55dc16dd9c50
&a[5][5], 0x55dc16dd9628
&b[5], 0x55dc16dd9c58
&a[5][6], 0x55dc16dd9630
&b[6], 0x55dc16dd9c60
&a[5][7], 0x55dc16dd9638
&b[7], 0x55dc16dd9c68
&a[5][8], 0x55dc16dd9640
&b[8], 0x55dc16dd9c70
&a[5][9], 0x55dc16dd9648
&b[9], 0x55dc16dd9c78
&a[5][10], 0x55dc16dd9650
&b[10], 0x55dc16dd9c80
&a[5][11], 0x55dc16dd9658
&b[11], 0x55dc16dd9c88
&a[5][12], 0x55dc16dd9660
&b[12], 0x55dc16dd9c90
&a[5][13], 0x55dc16dd9668
&b[13], 0x55dc16dd9c98
&a[5][14], 0x55dc16dd9670
&b[14], 0x55dc16dd9ca0
&a[5][15], 0x55dc16dd9678
&b[15], 0x55dc16dd9ca8
&c[5], 0x55dc16dd9ce8
&a[6][0], 0x55dc16dd9690
&b[0], 0x55dc16dd9c30
&a[6][1], 0x55dc16dd9698
&b[1], 0x55dc16dd9c38
&a[6][2], 0x55dc16dd96a0
&b[2], 0x55dc16dd9c40
&a[6][3], 0x55dc16dd96a8
&b[3], 0x55dc16dd9c48
&a[6][4], 0x55dc16dd96b0
&b[4], 0x55dc16dd9c50
&a[6][5], 0x55dc16dd96b8
&b[5], 0x55dc16dd9c58
&a[6][6], 0x55dc16dd96c0
&b[6], 0x55dc16dd9c60
&a[6][7], 0x55dc16dd96c8
&b[7], 0x55dc16dd9c68
&a[6][8], 0x55dc16dd96d0
&b[8], 0x55dc16dd9c70
&a[6][9], 0x55dc16dd96d8
&b[9], 0x55dc16dd9c78
&a[6][10], 0x55dc16dd96e0
&b[10], 0x55dc16dd9c80
&a[6][11], 0x55dc16dd96e8
&b[11], 0x55dc16dd9c88
&a[6][12], 0x55dc16dd96f0
&b[12], 0x55dc16dd9c90
&a[6][13], 0x55dc16dd96f8
&b[13], 0x55dc16dd9c98
&a[6][14], 0x55dc16dd9700
&b[14], 0x55dc16dd9ca0
&a[6][15], 0x55dc16dd9708
&b[15], 0x55dc16dd9ca8
&c[6], 0x55dc16dd9cf0
&a[7][0], 0x55dc16dd9720
&b[0], 0x55dc16dd9c30
&a[7][1], 0x55dc16dd9728
&b[1], 0x55dc16dd9c38
&a[7][2], 0x55dc16dd9730
&b[2], 0x55dc16dd9c40
&a[7][3], 0x55dc16dd9738
&b[3], 0x55dc16dd9c48
&a[7][4], 0x55dc16dd9740
&b[4], 0x55dc16dd9c50
&a[7][5], 0x55dc16dd9748
&b[5], 0x55dc16dd9c58
&a[7][6], 0x55dc16dd9750
&b[6], 0x55dc16dd9c60
&a[7][7], 0x55dc16dd9758
&b[7], 0x55dc16dd9c68
&a[7][8], 0x55dc16dd9760
&b[8], 0x55dc16dd9c70
&a[7][9], 0x55dc16dd9768
&b[9], 0x55dc16dd9c78
&a[7][10], 0x55dc16dd9770
&b[10], 0x55dc16dd9c80
&a[7][11], 0x55dc16dd9778
&b[11], 0x55dc16dd9c88
&a[7][12], 0x55dc16dd9780
&b[12], 0x55dc16dd9c90
&a[7][13], 0x55dc16dd9788
&b[13], 0x55dc16dd9c98
&a[7][14], 0x55dc16dd9790
&b[14], 0x55dc16dd9ca0
&a[7][15], 0x55dc16dd9798
&b[15], 0x55dc16dd9ca8
&c[7], 0x55dc16dd9cf8
&a[8][0], 0x55dc16dd97b0
&b[0], 0x55dc16dd9c30
&a[8][1], 0x55dc16dd97b8
&b[1], 0x55dc16dd9c38
&a[8][2], 0x55dc16dd97c0
&b[2], 0x55dc16dd9c40
&a[8][3], 0x55dc16dd97c8
&b[3], 0x55dc16dd9c48
&a[8][4], 0x55dc16dd97d0
&b[4], 0x55dc16dd9c50
&a[8][5], 0x55dc16dd97d8
&b[5], 0x55dc16dd9c58
&a[8][6], 0x55dc16dd97e0
&b[6], 0x55dc16dd9c60
&a[8][7], 0x55dc16dd97e8
&b[7], 0x55dc16dd9c68
&a[8][8], 0x55dc16dd97f0
&b[8], 0x55dc16dd9c70
&a[8][9], 0x55dc16dd97f8
&b[9], 0x55dc16dd9c78
&a[8][10], 0x55dc16dd9800
&b[10], 0x55dc16dd9c80
&a[8][11], 0x55dc16dd9808
&b[11], 0x55dc16dd9c88
&a[8][12], 0x55dc16dd9810
&b[12], 0x55dc16dd9c90
&a[8][13], 0x55dc16dd9818
&b[13], 0x55dc16dd9c98
&a[8][14], 0x55dc16dd9820
&b[14], 0x55dc16dd9ca0
&a[8][15], 0x55dc16dd9828
&b[15], 0x55dc16dd9ca8
&c[8], 0x55dc16dd9d00
&a[9][0], 0x55dc16dd9840
&b[0], 0x55dc16dd9c30
&a[9][1], 0x55dc16dd9848
&b[1], 0x55dc16dd9c38
&a[9][2], 0x55dc16dd9850
&b[2], 0x55dc16dd9c40
&a[9][3], 0x55dc16dd9858
&b[3], 0x55dc16dd9c48
&a[9][4], 0x55dc16dd9860
&b[4], 0x55dc16dd9c50
&a[9][5], 0x55dc16dd9868
&b[5], 0x55dc16dd9c58
&a[9][6], 0x55dc16dd9870
&b[6], 0x55dc16dd9c60
&a[9][7], 0x55dc16dd9878
&b[7], 0x55dc16dd9c68
&a[9][8], 0x55dc16dd9880
&b[8], 0x55dc16dd9c70
&a[9][9], 0x55dc16dd9888
&b[9], 0x55dc16dd9c78
&a[9][10], 0x55dc16dd9890
&b[10], 0x55dc16dd9c80
&a[9][11], 0x55dc16dd9898
&b[11], 0x55dc16dd9c88
&a[9][12], 0x55dc16dd98a0
&b[12], 0x55dc16dd9c90
&a[9][13], 0x55dc16dd98a8
&b[13], 0x55dc16dd9c98
&a[9][14], 0x55dc16dd98b0
&b[14], 0x55dc16dd9ca0
&a[9][15], 0x55dc16dd98b8
&b[15], 0x55dc16dd9ca8
&c[9], 0x55dc16dd9d08
&a[10][0], 0x55dc16dd98d0
&b[0], 0x55dc16dd9c30
&a[10][1], 0x55dc16dd98d8
&b[1], 0x55dc16dd9c38
&a[10][2], 0x55dc16dd98e0
&b[2], 0x55dc16dd9c40
&a[10][3], 0x55dc16dd98e8
&b[3], 0x55dc16dd9c48
&a[10][4], 0x55dc16dd98f0
&b[4], 0x55dc16dd9c50
&a[10][5], 0x55dc16dd98f8
&b[5], 0x55dc16dd9c58
&a[10][6], 0x55dc16dd9900
&b[6], 0x55dc16dd9c60
&a[10][7], 0x55dc16dd9908
&b[7], 0x55dc16dd9c68
&a[10][8], 0x55dc16dd9910
&b[8], 0x55dc16dd9c70
&a[10][9], 0x55dc16dd9918
&b[9], 0x55dc16dd9c78
&a[10][10], 0x55dc16dd9920
&b[10], 0x55dc16dd9c80
&a[10][11], 0x55dc16dd9928
&b[11], 0x55dc16dd9c88
&a[10][12], 0x55dc16dd9930
&b[12], 0x55dc16dd9c90
&a[10][13], 0x55dc16dd9938
&b[13], 0x55dc16dd9c98
&a[10][14], 0x55dc16dd9940
&b[14], 0x55dc16dd9ca0
&a[10][15], 0x55dc16dd9948
&b[15], 0x55dc16dd9ca8
&c[10], 0x55dc16dd9d10
&a[11][0], 0x55dc16dd9960
&b[0], 0x55dc16dd9c30
&a[11][1], 0x55dc16dd9968
&b[1], 0x55dc16dd9c38
&a[11][2], 0x55dc16dd9970
&b[2], 0x55dc16dd9c40
&a[11][3], 0x55dc16dd9978
&b[3], 0x55dc16dd9c48
&a[11][4], 0x55dc16dd9980
&b[4], 0x55dc16dd9c50
&a[11][5], 0x55dc16dd9988
&b[5], 0x55dc16dd9c58
&a[11][6], 0x55dc16dd9990
&b[6], 0x55dc16dd9c60
&a[11][7], 0x55dc16dd9998
&b[7], 0x55dc16dd9c68
&a[11][8], 0x55dc16dd99a0
&b[8], 0x55dc16dd9c70
&a[11][9], 0x55dc16dd99a8
&b[9], 0x55dc16dd9c78
&a[11][10], 0x55dc16dd99b0
&b[10], 0x55dc16dd9c80
&a[11][11], 0x55dc16dd99b8
&b[11], 0x55dc16dd9c88
&a[11][12], 0x55dc16dd99c0
&b[12], 0x55dc16dd9c90
&a[11][13], 0x55dc16dd99c8
&b[13], 0x55dc16dd9c98
&a[11][14], 0x55dc16dd99d0
&b[14], 0x55dc16dd9ca0
&a[11][15], 0x55dc16dd99d8
&b[15], 0x55dc16dd9ca8
&c[11], 0x55dc16dd9d18
&a[12][0], 0x55dc16dd99f0
&b[0], 0x55dc16dd9c30
&a[12][1], 0x55dc16dd99f8
&b[1], 0x55dc16dd9c38
&a[12][2], 0x55dc16dd9a00
&b[2], 0x55dc16dd9c40
&a[12][3], 0x55dc16dd9a08
&b[3], 0x55dc16dd9c48
&a[12][4], 0x55dc16dd9a10
&b[4], 0x55dc16dd9c50
&a[12][5], 0x55dc16dd9a18
&b[5], 0x55dc16dd9c58
&a[12][6], 0x55dc16dd9a20
&b[6], 0x55dc16dd9c60
&a[12][7], 0x55dc16dd9a28
&b[7], 0x55dc16dd9c68
&a[12][8], 0x55dc16dd9a30
&b[8], 0x55dc16dd9c70
&a[12][9], 0x55dc16dd9a38
&b[9], 0x55dc16dd9c78
&a[12][10], 0x55dc16dd9a40
&b[10], 0x55dc16dd9c80
&a[12][11], 0x55dc16dd9a48
&b[11], 0x55dc16dd9c88
&a[12][12], 0x55dc16dd9a50
&b[12], 0x55dc16dd9c90
&a[12][13], 0x55dc16dd9a58
&b[13], 0x55dc16dd9c98
&a[12][14], 0x55dc16dd9a60
&b[14], 0x55dc16dd9ca0
&a[12][15], 0x55dc16dd9a68
&b[15], 0x55dc16dd9ca8
&c[12], 0x55dc16dd9d20
&a[13][0], 0x55dc16dd9a80
&b[0], 0x55dc16dd9c30
&a[13][1], 0x55dc16dd9a88
&b[1], 0x55dc16dd9c38
&a[13][2], 0x55dc16dd9a90
&b[2], 0x55dc16dd9c40
&a[13][3], 0x55dc16dd9a98
&b[3], 0x55dc16dd9c48
&a[13][4], 0x55dc16dd9aa0
&b[4], 0x55dc16dd9c50
&a[13][5], 0x55dc16dd9aa8
&b[5], 0x55dc16dd9c58
&a[13][6], 0x55dc16dd9ab0
&b[6], 0x55dc16dd9c60
&a[13][7], 0x55dc16dd9ab8
&b[7], 0x55dc16dd9c68
&a[13][8], 0x55dc16dd9ac0
&b[8], 0x55dc16dd9c70
&a[13][9], 0x55dc16dd9ac8
&b[9], 0x55dc16dd9c78
&a[13][10], 0x55dc16dd9ad0
&b[10], 0x55dc16dd9c80
&a[13][11], 0x55dc16dd9ad8
&b[11], 0x55dc16dd9c88
&a[13][12], 0x55dc16dd9ae0
&b[12], 0x55dc16dd9c90
&a[13][13], 0x55dc16dd9ae8
&b[13], 0x55dc16dd9c98
&a[13][14], 0x55dc16dd9af0
&b[14], 0x55dc16dd9ca0
&a[13][15], 0x55dc16dd9af8
&b[15], 0x55dc16dd9ca8
&c[13], 0x55dc16dd9d28
&a[14][0], 0x55dc16dd9b10
&b[0], 0x55dc16dd9c30
&a[14][1], 0x55dc16dd9b18
&b[1], 0x55dc16dd9c38
&a[14][2], 0x55dc16dd9b20
&b[2], 0x55dc16dd9c40
&a[14][3], 0x55dc16dd9b28
&b[3], 0x55dc16dd9c48
&a[14][4], 0x55dc16dd9b30
&b[4], 0x55dc16dd9c50
&a[14][5], 0x55dc16dd9b38
&b[5], 0x55dc16dd9c58
&a[14][6], 0x55dc16dd9b40
&b[6], 0x55dc16dd9c60
&a[14][7], 0x55dc16dd9b48
&b[7], 0x55dc16dd9c68
&a[14][8], 0x55dc16dd9b50
&b[8], 0x55dc16dd9c70
&a[14][9], 0x55dc16dd9b58
&b[9], 0x55dc16dd9c78
&a[14][10], 0x55dc16dd9b60
&b[10], 0x55dc16dd9c80
&a[14][11], 0x55dc16dd9b68
&b[11], 0x55dc16dd9c88
&a[14][12], 0x55dc16dd9b70
&b[12], 0x55dc16dd9c90
&a[14][13], 0x55dc16dd9b78
&b[13], 0x55dc16dd9c98
&a[14][14], 0x55dc16dd9b80
&b[14], 0x55dc16dd9ca0
&a[14][15], 0x55dc16dd9b88
&b[15], 0x55dc16dd9ca8
&c[14], 0x55dc16dd9d30
&a[15][0], 0x55dc16dd9ba0
&b[0], 0x55dc16dd9c30
&a[15][1], 0x55dc16dd9ba8
&b[1], 0x55dc16dd9c38
&a[15][2], 0x55dc16dd9bb0
&b[2], 0x55dc16dd9c40
&a[15][3], 0x55dc16dd9bb8
&b[3], 0x55dc16dd9c48
&a[15][4], 0x55dc16dd9bc0
&b[4], 0x55dc16dd9c50
&a[15][5], 0x55dc16dd9bc8
&b[5], 0x55dc16dd9c58
&a[15][6], 0x55dc16dd9bd0
&b[6], 0x55dc16dd9c60
&a[15][7], 0x55dc16dd9bd8
&b[7], 0x55dc16dd9c68
&a[15][8], 0x55dc16dd9be0
&b[8], 0x55dc16dd9c70
&a[15][9], 0x55dc16dd9be8
&b[9], 0x55dc16dd9c78
&a[15][10], 0x55dc16dd9bf0
&b[10], 0x55dc16dd9c80
&a[15][11], 0x55dc16dd9bf8
&b[11], 0x55dc16dd9c88
&a[15][12], 0x55dc16dd9c00
&b[12], 0x55dc16dd9c90
&a[15][13], 0x55dc16dd9c08
&b[13], 0x55dc16dd9c98
&a[15][14], 0x55dc16dd9c10
&b[14], 0x55dc16dd9ca0
&a[15][15], 0x55dc16dd9c18
&b[15], 0x55dc16dd9ca8
&c[15], 0x55dc16dd9d38
28799.000000,22046
&a[0][0], 0x55a0ade3f330
&b[0], 0x55a0ade3fc30
&a[0][1], 0x55a0ade3f338
&b[1], 0x55a0ade3fc38
&a[0][2], 0x55a0ade3f340
&b[2], 0x55a0ade3fc40
&a[0][3], 0x55a0ade3f348
&b[3], 0x55a0ade3fc48
&a[0][4], 0x55a0ade3f350
&b[4], 0x55a0ade3fc50
&a[0][5], 0x55a0ade3f358
&b[5], 0x55a0ade3fc58
&a[0][6], 0x55a0ade3f360
&b[6], 0x55a0ade3fc60
&a[0][7], 0x55a0ade3f368
&b[7], 0x55a0ade3fc68
&a[0][8], 0x55a0ade3f370
&b[8], 0x55a0ade3fc70
&a[0][9], 0x55a0ade3f378
&b[9], 0x55a0ade3fc78
&a[0][10], 0x55a0ade3f380
&b[10], 0x55a0ade3fc80
&a[0][11], 0x55a0ade3f388
&b[11], 0x55a0ade3fc88
&a[0][12], 0x55a0ade3f390
&b[12], 0x55a0ade3fc90
&a[0][13], 0x55a0ade3f398
&b[13], 0x55a0ade3fc98
&a[0][14], 0x55a0ade3f3a0
&b[14], 0x55a0ade3fca0
&a[0][15], 0x55a0ade3f3a8
&b[15], 0x55a0ade3fca8
&c[0], 0x55a0ade3fcc0
&a[1][0], 0x55a0ade3f3c0
&b[0], 0x55a0ade3fc30
&a[1][1], 0x55a0ade3f3c8
&b[1], 0x55a0ade3fc38
&a[1][2], 0x55a0ade3f3d0
&b[2], 0x55a0ade3fc40
&a[1][3], 0x55a0ade3f3d8
&b[3], 0x55a0ade3fc48
&a[1][4], 0x55a0ade3f3e0
&b[4], 0x55a0ade3fc50
&a[1][5], 0x55a0ade3f3e8
&b[5], 0x55a0ade3fc58
&a[1][6], 0x55a0ade3f3f0
&b[6], 0x55a0ade3fc60
&a[1][7], 0x55a0ade3f3f8
&b[7], 0x55a0ade3fc68
&a[1][8], 0x55a0ade3f400
&b[8], 0x55a0ade3fc70
&a[1][9], 0x55a0ade3f408
&b[9], 0x55a0ade3fc78
&a[1][10], 0x55a0ade3f410
&b[10], 0x55a0ade3fc80
&a[1][11], 0x55a0ade3f418
&b[11], 0x55a0ade3fc88
&a[1][12], 0x55a0ade3f420
&b[12], 0x55a0ade3fc90
&a[1][13], 0x55a0ade3f428
&b[13], 0x55a0ade3fc98
&a[1][14], 0x55a0ade3f430
&b[14], 0x55a0ade3fca0
&a[1][15], 0x55a0ade3f438
&b[15], 0x55a0ade3fca8
&c[1], 0x55a0ade3fcc8
&a[2][0], 0x55a0ade3f450
&b[0], 0x55a0ade3fc30
&a[2][1], 0x55a0ade3f458
&b[1], 0x55a0ade3fc38
&a[2][2], 0x55a0ade3f460
&b[2], 0x55a0ade3fc40
&a[2][3], 0x55a0ade3f468
&b[3], 0x55a0ade3fc48
&a[2][4], 0x55a0ade3f470
&b[4], 0x55a0ade3fc50
&a[2][5], 0x55a0ade3f478
&b[5], 0x55a0ade3fc58
&a[2][6], 0x55a0ade3f480
&b[6], 0x55a0ade3fc60
&a[2][7], 0x55a0ade3f488
&b[7], 0x55a0ade3fc68
&a[2][8], 0x55a0ade3f490
&b[8], 0x55a0ade3fc70
&a[2][9], 0x55a0ade3f498
&b[9], 0x55a0ade3fc78
&a[2][10], 0x55a0ade3f4a0
&b[10], 0x55a0ade3fc80
&a[2][11], 0x55a0ade3f4a8
&b[11], 0x55a0ade3fc88
&a[2][12], 0x55a0ade3f4b0
&b[12], 0x55a0ade3fc90
&a[2][13], 0x55a0ade3f4b8
&b[13], 0x55a0ade3fc98
&a[2][14], 0x55a0ade3f4c0
&b[14], 0x55a0ade3fca0
&a[2][15], 0x55a0ade3f4c8
&b[15], 0x55a0ade3fca8
&c[2], 0x55a0ade3fcd0
&a[3][0], 0x55a0ade3f4e0
&b[0], 0x55a0ade3fc30
&a[3][1], 0x55a0ade3f4e8
&b[1], 0x55a0ade3fc38
&a[3][2], 0x55a0ade3f4f0
&b[2], 0x55a0ade3fc40
&a[3][3], 0x55a0ade3f4f8
&b[3], 0x55a0ade3fc48
&a[3][4], 0x55a0ade3f500
&b[4], 0x55a0ade3fc50
&a[3][5], 0x55a0ade3f508
&b[5], 0x55a0ade3fc58
&a[3][6], 0x55a0ade3f510
&b[6], 0x55a0ade3fc60
&a[3][7], 0x55a0ade3f518
&b[7], 0x55a0ade3fc68
&a[3][8], 0x55a0ade3f520
&b[8], 0x55a0ade3fc70
&a[3][9], 0x55a0ade3f528
&b[9], 0x55a0ade3fc78
&a[3][10], 0x55a0ade3f530
&b[10], 0x55a0ade3fc80
&a[3][11], 0x55a0ade3f538
&b[11], 0x55a0ade3fc88
&a[3][12], 0x55a0ade3f540
&b[12], 0x55a0ade3fc90
&a[3][13], 0x55a0ade3f548
&b[13], 0x55a0ade3fc98
&a[3][14], 0x55a0ade3f550
&b[14], 0x55a0ade3fca0
&a[3][15], 0x55a0ade3f558
&b[15], 0x55a0ade3fca8
&c[3], 0x55a0ade3fcd8
&a[4][0], 0x55a0ade3f570
&b[0], 0x55a0ade3fc30
&a[4][1], 0x55a0ade3f578
&b[1], 0x55a0ade3fc38
&a[4][2], 0x55a0ade3f580
&b[2], 0x55a0ade3fc40
&a[4][3], 0x55a0ade3f588
&b[3], 0x55a0ade3fc48
&a[4][4], 0x55a0ade3f590
&b[4], 0x55a0ade3fc50
&a[4][5], 0x55a0ade3f598
&b[5], 0x55a0ade3fc58
&a[4][6], 0x55a0ade3f5a0
&b[6], 0x55a0ade3fc60
&a[4][7], 0x55a0ade3f5a8
&b[7], 0x55a0ade3fc68
&a[4][8], 0x55a0ade3f5b0
&b[8], 0x55a0ade3fc70
&a[4][9], 0x55a0ade3f5b8
&b[9], 0x55a0ade3fc78
&a[4][10], 0x55a0ade3f5c0
&b[10], 0x55a0ade3fc80
&a[4][11], 0x55a0ade3f5c8
&b[11], 0x55a0ade3fc88
&a[4][12], 0x55a0ade3f5d0
&b[12], 0x55a0ade3fc90
&a[4][13], 0x55a0ade3f5d8
&b[13], 0x55a0ade3fc98
&a[4][14], 0x55a0ade3f5e0
&b[14], 0x55a0ade3fca0
&a[4][15], 0x55a0ade3f5e8
&b[15], 0x55a0ade3fca8
&c[4], 0x55a0ade3fce0
&a[5][0], 0x55a0ade3f600
&b[0], 0x55a0ade3fc30
&a[5][1], 0x55a0ade3f608
&b[1], 0x55a0ade3fc38
&a[5][2], 0x55a0ade3f610
&b[2], 0x55a0ade3fc40
&a[5][3], 0x55a0ade3f618
&b[3], 0x55a0ade3fc48
&a[5][4], 0x55a0ade3f620
&b[4], 0x55a0ade3fc50
&a[5][5], 0x55a0ade3f628
&b[5], 0x55a0ade3fc58
&a[5][6], 0x55a0ade3f630
&b[6], 0x55a0ade3fc60
&a[5][7], 0x55a0ade3f638
&b[7], 0x55a0ade3fc68
&a[5][8], 0x55a0ade3f640
&b[8], 0x55a0ade3fc70
&a[5][9], 0x55a0ade3f648
&b[9], 0x55a0ade3fc78
&a[5][10], 0x55a0ade3f650
&b[10], 0x55a0ade3fc80
&a[5][11], 0x55a0ade3f658
&b[11], 0x55a0ade3fc88
&a[5][12], 0x55a0ade3f660
&b[12], 0x55a0ade3fc90
&a[5][13], 0x55a0ade3f668
&b[13], 0x55a0ade3fc98
&a[5][14], 0x55a0ade3f670
&b[14], 0x55a0ade3fca0
&a[5][15], 0x55a0ade3f678
&b[15], 0x55a0ade3fca8
&c[5], 0x55a0ade3fce8
&a[6][0], 0x55a0ade3f690
&b[0], 0x55a0ade3fc30
&a[6][1], 0x55a0ade3f698
&b[1], 0x55a0ade3fc38
&a[6][2], 0x55a0ade3f6a0
&b[2], 0x55a0ade3fc40
&a[6][3], 0x55a0ade3f6a8
&b[3], 0x55a0ade3fc48
&a[6][4], 0x55a0ade3f6b0
&b[4], 0x55a0ade3fc50
&a[6][5], 0x55a0ade3f6b8
&b[5], 0x55a0ade3fc58
&a[6][6], 0x55a0ade3f6c0
&b[6], 0x55a0ade3fc60
&a[6][7], 0x55a0ade3f6c8
&b[7], 0x55a0ade3fc68
&a[6][8], 0x55a0ade3f6d0
&b[8], 0x55a0ade3fc70
&a[6][9], 0x55a0ade3f6d8
&b[9], 0x55a0ade3fc78
&a[6][10], 0x55a0ade3f6e0
&b[10], 0x55a0ade3fc80
&a[6][11], 0x55a0ade3f6e8
&b[11], 0x55a0ade3fc88
&a[6][12], 0x55a0ade3f6f0
&b[12], 0x55a0ade3fc90
&a[6][13], 0x55a0ade3f6f8
&b[13], 0x55a0ade3fc98
&a[6][14], 0x55a0ade3f700
&b[14], 0x55a0ade3fca0
&a[6][15], 0x55a0ade3f708
&b[15], 0x55a0ade3fca8
&c[6], 0x55a0ade3fcf0
&a[7][0], 0x55a0ade3f720
&b[0], 0x55a0ade3fc30
&a[7][1], 0x55a0ade3f728
&b[1], 0x55a0ade3fc38
&a[7][2], 0x55a0ade3f730
&b[2], 0x55a0ade3fc40
&a[7][3], 0x55a0ade3f738
&b[3], 0x55a0ade3fc48
&a[7][4], 0x55a0ade3f740
&b[4], 0x55a0ade3fc50
&a[7][5], 0x55a0ade3f748
&b[5], 0x55a0ade3fc58
&a[7][6], 0x55a0ade3f750
&b[6], 0x55a0ade3fc60
&a[7][7], 0x55a0ade3f758
&b[7], 0x55a0ade3fc68
&a[7][8], 0x55a0ade3f760
&b[8], 0x55a0ade3fc70
&a[7][9], 0x55a0ade3f768
&b[9], 0x55a0ade3fc78
&a[7][10], 0x55a0ade3f770
&b[10], 0x55a0ade3fc80
&a[7][11], 0x55a0ade3f778
&b[11], 0x55a0ade3fc88
&a[7][12], 0x55a0ade3f780
&b[12], 0x55a0ade3fc90
&a[7][13], 0x55a0ade3f788
&b[13], 0x55a0ade3fc98
&a[7][14], 0x55a0ade3f790
&b[14], 0x55a0ade3fca0
&a[7][15], 0x55a0ade3f798
&b[15], 0x55a0ade3fca8
&c[7], 0x55a0ade3fcf8
&a[8][0], 0x55a0ade3f7b0
&b[0], 0x55a0ade3fc30
&a[8][1], 0x55a0ade3f7b8
&b[1], 0x55a0ade3fc38
&a[8][2], 0x55a0ade3f7c0
&b[2], 0x55a0ade3fc40
&a[8][3], 0x55a0ade3f7c8
&b[3], 0x55a0ade3fc48
&a[8][4], 0x55a0ade3f7d0
&b[4], 0x55a0ade3fc50
&a[8][5], 0x55a0ade3f7d8
&b[5], 0x55a0ade3fc58
&a[8][6], 0x55a0ade3f7e0
&b[6], 0x55a0ade3fc60
&a[8][7], 0x55a0ade3f7e8
&b[7], 0x55a0ade3fc68
&a[8][8], 0x55a0ade3f7f0
&b[8], 0x55a0ade3fc70
&a[8][9], 0x55a0ade3f7f8
&b[9], 0x55a0ade3fc78
&a[8][10], 0x55a0ade3f800
&b[10], 0x55a0ade3fc80
&a[8][11], 0x55a0ade3f808
&b[11], 0x55a0ade3fc88
&a[8][12], 0x55a0ade3f810
&b[12], 0x55a0ade3fc90
&a[8][13], 0x55a0ade3f818
&b[13], 0x55a0ade3fc98
&a[8][14], 0x55a0ade3f820
&b[14], 0x55a0ade3fca0
&a[8][15], 0x55a0ade3f828
&b[15], 0x55a0ade3fca8
&c[8], 0x55a0ade3fd00
&a[9][0], 0x55a0ade3f840
&b[0], 0x55a0ade3fc30
&a[9][1], 0x55a0ade3f848
&b[1], 0x55a0ade3fc38
&a[9][2], 0x55a0ade3f850
&b[2], 0x55a0ade3fc40
&a[9][3], 0x55a0ade3f858
&b[3], 0x55a0ade3fc48
&a[9][4], 0x55a0ade3f860
&b[4], 0x55a0ade3fc50
&a[9][5], 0x55a0ade3f868
&b[5], 0x55a0ade3fc58
&a[9][6], 0x55a0ade3f870
&b[6], 0x55a0ade3fc60
&a[9][7], 0x55a0ade3f878
&b[7], 0x55a0ade3fc68
&a[9][8], 0x55a0ade3f880
&b[8], 0x55a0ade3fc70
&a[9][9], 0x55a0ade3f888
&b[9], 0x55a0ade3fc78
&a[9][10], 0x55a0ade3f890
&b[10], 0x55a0ade3fc80
&a[9][11], 0x55a0ade3f898
&b[11], 0x55a0ade3fc88
&a[9][12], 0x55a0ade3f8a0
&b[12], 0x55a0ade3fc90
&a[9][13], 0x55a0ade3f8a8
&b[13], 0x55a0ade3fc98
&a[9][14], 0x55a0ade3f8b0
&b[14], 0x55a0ade3fca0
&a[9][15], 0x55a0ade3f8b8
&b[15], 0x55a0ade3fca8
&c[9], 0x55a0ade3fd08
&a[10][0], 0x55a0ade3f8d0
&b[0], 0x55a0ade3fc30
&a[10][1], 0x55a0ade3f8d8
&b[1], 0x55a0ade3fc38
&a[10][2], 0x55a0ade3f8e0
&b[2], 0x55a0ade3fc40
&a[10][3], 0x55a0ade3f8e8
&b[3], 0x55a0ade3fc48
&a[10][4], 0x55a0ade3f8f0
&b[4], 0x55a0ade3fc50
&a[10][5], 0x55a0ade3f8f8
&b[5], 0x55a0ade3fc58
&a[10][6], 0x55a0ade3f900
&b[6], 0x55a0ade3fc60
&a[10][7], 0x55a0ade3f908
&b[7], 0x55a0ade3fc68
&a[10][8], 0x55a0ade3f910
&b[8], 0x55a0ade3fc70
&a[10][9], 0x55a0ade3f918
&b[9], 0x55a0ade3fc78
&a[10][10], 0x55a0ade3f920
&b[10], 0x55a0ade3fc80
&a[10][11], 0x55a0ade3f928
&b[11], 0x55a0ade3fc88
&a[10][12], 0x55a0ade3f930
&b[12], 0x55a0ade3fc90
&a[10][13], 0x55a0ade3f938
&b[13], 0x55a0ade3fc98
&a[10][14], 0x55a0ade3f940
&b[14], 0x55a0ade3fca0
&a[10][15], 0x55a0ade3f948
&b[15], 0x55a0ade3fca8
&c[10], 0x55a0ade3fd10
&a[11][0], 0x55a0ade3f960
&b[0], 0x55a0ade3fc30
&a[11][1], 0x55a0ade3f968
&b[1], 0x55a0ade3fc38
&a[11][2], 0x55a0ade3f970
&b[2], 0x55a0ade3fc40
&a[11][3], 0x55a0ade3f978
&b[3], 0x55a0ade3fc48
&a[11][4], 0x55a0ade3f980
&b[4], 0x55a0ade3fc50
&a[11][5], 0x55a0ade3f988
&b[5], 0x55a0ade3fc58
&a[11][6], 0x55a0ade3f990
&b[6], 0x55a0ade3fc60
&a[11][7], 0x55a0ade3f998
&b[7], 0x55a0ade3fc68
&a[11][8], 0x55a0ade3f9a0
&b[8], 0x55a0ade3fc70
&a[11][9], 0x55a0ade3f9a8
&b[9], 0x55a0ade3fc78
&a[11][10], 0x55a0ade3f9b0
&b[10], 0x55a0ade3fc80
&a[11][11], 0x55a0ade3f9b8
&b[11], 0x55a0ade3fc88
&a[11][12], 0x55a0ade3f9c0
&b[12], 0x55a0ade3fc90
&a[11][13], 0x55a0ade3f9c8
&b[13], 0x55a0ade3fc98
&a[11][14], 0x55a0ade3f9d0
&b[14], 0x55a0ade3fca0
&a[11][15], 0x55a0ade3f9d8
&b[15], 0x55a0ade3fca8
&c[11], 0x55a0ade3fd18
&a[12][0], 0x55a0ade3f9f0
&b[0], 0x55a0ade3fc30
&a[12][1], 0x55a0ade3f9f8
&b[1], 0x55a0ade3fc38
&a[12][2], 0x55a0ade3fa00
&b[2], 0x55a0ade3fc40
&a[12][3], 0x55a0ade3fa08
&b[3], 0x55a0ade3fc48
&a[12][4], 0x55a0ade3fa10
&b[4], 0x55a0ade3fc50
&a[12][5], 0x55a0ade3fa18
&b[5], 0x55a0ade3fc58
&a[12][6], 0x55a0ade3fa20
&b[6], 0x55a0ade3fc60
&a[12][7], 0x55a0ade3fa28
&b[7], 0x55a0ade3fc68
&a[12][8], 0x55a0ade3fa30
&b[8], 0x55a0ade3fc70
&a[12][9], 0x55a0ade3fa38
&b[9], 0x55a0ade3fc78
&a[12][10], 0x55a0ade3fa40
&b[10], 0x55a0ade3fc80
&a[12][11], 0x55a0ade3fa48
&b[11], 0x55a0ade3fc88
&a[12][12], 0x55a0ade3fa50
&b[12], 0x55a0ade3fc90
&a[12][13], 0x55a0ade3fa58
&b[13], 0x55a0ade3fc98
&a[12][14], 0x55a0ade3fa60
&b[14], 0x55a0ade3fca0
&a[12][15], 0x55a0ade3fa68
&b[15], 0x55a0ade3fca8
&c[12], 0x55a0ade3fd20
&a[13][0], 0x55a0ade3fa80
&b[0], 0x55a0ade3fc30
&a[13][1], 0x55a0ade3fa88
&b[1], 0x55a0ade3fc38
&a[13][2], 0x55a0ade3fa90
&b[2], 0x55a0ade3fc40
&a[13][3], 0x55a0ade3fa98
&b[3], 0x55a0ade3fc48
&a[13][4], 0x55a0ade3faa0
&b[4], 0x55a0ade3fc50
&a[13][5], 0x55a0ade3faa8
&b[5], 0x55a0ade3fc58
&a[13][6], 0x55a0ade3fab0
&b[6], 0x55a0ade3fc60
&a[13][7], 0x55a0ade3fab8
&b[7], 0x55a0ade3fc68
&a[13][8], 0x55a0ade3fac0
&b[8], 0x55a0ade3fc70
&a[13][9], 0x55a0ade3fac8
&b[9], 0x55a0ade3fc78
&a[13][10], 0x55a0ade3fad0
&b[10], 0x55a0ade3fc80
&a[13][11], 0x55a0ade3fad8
&b[11], 0x55a0ade3fc88
&a[13][12], 0x55a0ade3fae0
&b[12], 0x55a0ade3fc90
&a[13][13], 0x55a0ade3fae8
&b[13], 0x55a0ade3fc98
&a[13][14], 0x55a0ade3faf0
&b[14], 0x55a0ade3fca0
&a[13][15], 0x55a0ade3faf8
&b[15], 0x55a0ade3fca8
&c[13], 0x55a0ade3fd28
&a[14][0], 0x55a0ade3fb10
&b[0], 0x55a0ade3fc30
&a[14][1], 0x55a0ade3fb18
&b[1], 0x55a0ade3fc38
&a[14][2], 0x55a0ade3fb20
&b[2], 0x55a0ade3fc40
&a[14][3], 0x55a0ade3fb28
&b[3], 0x55a0ade3fc48
&a[14][4], 0x55a0ade3fb30
&b[4], 0x55a0ade3fc50
&a[14][5], 0x55a0ade3fb38
&b[5], 0x55a0ade3fc58
&a[14][6], 0x55a0ade3fb40
&b[6], 0x55a0ade3fc60
&a[14][7], 0x55a0ade3fb48
&b[7], 0x55a0ade3fc68
&a[14][8], 0x55a0ade3fb50
&b[8], 0x55a0ade3fc70
&a[14][9], 0x55a0ade3fb58
&b[9], 0x55a0ade3fc78
&a[14][10], 0x55a0ade3fb60
&b[10], 0x55a0ade3fc80
&a[14][11], 0x55a0ade3fb68
&b[11], 0x55a0ade3fc88
&a[14][12], 0x55a0ade3fb70
&b[12], 0x55a0ade3fc90
&a[14][13], 0x55a0ade3fb78
&b[13], 0x55a0ade3fc98
&a[14][14], 0x55a0ade3fb80
&b[14], 0x55a0ade3fca0
&a[14][15], 0x55a0ade3fb88
&b[15], 0x55a0ade3fca8
&c[14], 0x55a0ade3fd30
&a[15][0], 0x55a0ade3fba0
&b[0], 0x55a0ade3fc30
&a[15][1], 0x55a0ade3fba8
&b[1], 0x55a0ade3fc38
&a[15][2], 0x55a0ade3fbb0
&b[2], 0x55a0ade3fc40
&a[15][3], 0x55a0ade3fbb8
&b[3], 0x55a0ade3fc48
&a[15][4], 0x55a0ade3fbc0
&b[4], 0x55a0ade3fc50
&a[15][5], 0x55a0ade3fbc8
&b[5], 0x55a0ade3fc58
&a[15][6], 0x55a0ade3fbd0
&b[6], 0x55a0ade3fc60
&a[15][7], 0x55a0ade3fbd8
&b[7], 0x55a0ade3fc68
&a[15][8], 0x55a0ade3fbe0
&b[8], 0x55a0ade3fc70
&a[15][9], 0x55a0ade3fbe8
&b[9], 0x55a0ade3fc78
&a[15][10], 0x55a0ade3fbf0
&b[10], 0x55a0ade3fc80
&a[15][11], 0x55a0ade3fbf8
&b[11], 0x55a0ade3fc88
&a[15][12], 0x55a0ade3fc00
&b[12], 0x55a0ade3fc90
&a[15][13], 0x55a0ade3fc08
&b[13], 0x55a0ade3fc98
&a[15][14], 0x55a0ade3fc10
&b[14], 0x55a0ade3fca0
&a[15][15], 0x55a0ade3fc18
&b[15], 0x55a0ade3fca8
&c[15], 0x55a0ade3fd38
28799.000000,22046
&a[0][0], 0x556b1439e330
&b[0], 0x556b1439ec30
&a[0][1], 0x556b1439e338
&b[1], 0x556b1439ec38
&a[0][2], 0x556b1439e340
&b[2], 0x556b1439ec40
&a[0][3], 0x556b1439e348
&b[3], 0x556b1439ec48
&a[0][4], 0x556b1439e350
&b[4], 0x556b1439ec50
&a[0][5], 0x556b1439e358
&b[5], 0x556b1439ec58
&a[0][6], 0x556b1439e360
&b[6], 0x556b1439ec60
&a[0][7], 0x556b1439e368
&b[7], 0x556b1439ec68
&a[0][8], 0x556b1439e370
&b[8], 0x556b1439ec70
&a[0][9], 0x556b1439e378
&b[9], 0x556b1439ec78
&a[0][10], 0x556b1439e380
&b[10], 0x556b1439ec80
&a[0][11], 0x556b1439e388
&b[11], 0x556b1439ec88
&a[0][12], 0x556b1439e390
&b[12], 0x556b1439ec90
&a[0][13], 0x556b1439e398
&b[13], 0x556b1439ec98
&a[0][14], 0x556b1439e3a0
&b[14], 0x556b1439eca0
&a[0][15], 0x556b1439e3a8
&b[15], 0x556b1439eca8
&c[0], 0x556b1439ecc0
&a[1][0], 0x556b1439e3c0
&b[0], 0x556b1439ec30
&a[1][1], 0x556b1439e3c8
&b[1], 0x556b1439ec38
&a[1][2], 0x556b1439e3d0
&b[2], 0x556b1439ec40
&a[1][3], 0x556b1439e3d8
&b[3], 0x556b1439ec48
&a[1][4], 0x556b1439e3e0
&b[4], 0x556b1439ec50
&a[1][5], 0x556b1439e3e8
&b[5], 0x556b1439ec58
&a[1][6], 0x556b1439e3f0
&b[6], 0x556b1439ec60
&a[1][7], 0x556b1439e3f8
&b[7], 0x556b1439ec68
&a[1][8], 0x556b1439e400
&b[8], 0x556b1439ec70
&a[1][9], 0x556b1439e408
&b[9], 0x556b1439ec78
&a[1][10], 0x556b1439e410
&b[10], 0x556b1439ec80
&a[1][11], 0x556b1439e418
&b[11], 0x556b1439ec88
&a[1][12], 0x556b1439e420
&b[12], 0x556b1439ec90
&a[1][13], 0x556b1439e428
&b[13], 0x556b1439ec98
&a[1][14], 0x556b1439e430
&b[14], 0x556b1439eca0
&a[1][15], 0x556b1439e438
&b[15], 0x556b1439eca8
&c[1], 0x556b1439ecc8
&a[2][0], 0x556b1439e450
&b[0], 0x556b1439ec30
&a[2][1], 0x556b1439e458
&b[1], 0x556b1439ec38
&a[2][2], 0x556b1439e460
&b[2], 0x556b1439ec40
&a[2][3], 0x556b1439e468
&b[3], 0x556b1439ec48
&a[2][4], 0x556b1439e470
&b[4], 0x556b1439ec50
&a[2][5], 0x556b1439e478
&b[5], 0x556b1439ec58
&a[2][6], 0x556b1439e480
&b[6], 0x556b1439ec60
&a[2][7], 0x556b1439e488
&b[7], 0x556b1439ec68
&a[2][8], 0x556b1439e490
&b[8], 0x556b1439ec70
&a[2][9], 0x556b1439e498
&b[9], 0x556b1439ec78
&a[2][10], 0x556b1439e4a0
&b[10], 0x556b1439ec80
&a[2][11], 0x556b1439e4a8
&b[11], 0x556b1439ec88
&a[2][12], 0x556b1439e4b0
&b[12], 0x556b1439ec90
&a[2][13], 0x556b1439e4b8
&b[13], 0x556b1439ec98
&a[2][14], 0x556b1439e4c0
&b[14], 0x556b1439eca0
&a[2][15], 0x556b1439e4c8
&b[15], 0x556b1439eca8
&c[2], 0x556b1439ecd0
&a[3][0], 0x556b1439e4e0
&b[0], 0x556b1439ec30
&a[3][1], 0x556b1439e4e8
&b[1], 0x556b1439ec38
&a[3][2], 0x556b1439e4f0
&b[2], 0x556b1439ec40
&a[3][3], 0x556b1439e4f8
&b[3], 0x556b1439ec48
&a[3][4], 0x556b1439e500
&b[4], 0x556b1439ec50
&a[3][5], 0x556b1439e508
&b[5], 0x556b1439ec58
&a[3][6], 0x556b1439e510
&b[6], 0x556b1439ec60
&a[3][7], 0x556b1439e518
&b[7], 0x556b1439ec68
&a[3][8], 0x556b1439e520
&b[8], 0x556b1439ec70
&a[3][9], 0x556b1439e528
&b[9], 0x556b1439ec78
&a[3][10], 0x556b1439e530
&b[10], 0x556b1439ec80
&a[3][11], 0x556b1439e538
&b[11], 0x556b1439ec88
&a[3][12], 0x556b1439e540
&b[12], 0x556b1439ec90
&a[3][13], 0x556b1439e548
&b[13], 0x556b1439ec98
&a[3][14], 0x556b1439e550
&b[14], 0x556b1439eca0
&a[3][15], 0x556b1439e558
&b[15], 0x556b1439eca8
&c[3], 0x556b1439ecd8
&a[4][0], 0x556b1439e570
&b[0], 0x556b1439ec30
&a[4][1], 0x556b1439e578
&b[1], 0x556b1439ec38
&a[4][2], 0x556b1439e580
&b[2], 0x556b1439ec40
&a[4][3], 0x556b1439e588
&b[3], 0x556b1439ec48
&a[4][4], 0x556b1439e590
&b[4], 0x556b1439ec50
&a[4][5], 0x556b1439e598
&b[5], 0x556b1439ec58
&a[4][6], 0x556b1439e5a0
&b[6], 0x556b1439ec60
&a[4][7], 0x556b1439e5a8
&b[7], 0x556b1439ec68
&a[4][8], 0x556b1439e5b0
&b[8], 0x556b1439ec70
&a[4][9], 0x556b1439e5b8
&b[9], 0x556b1439ec78
&a[4][10], 0x556b1439e5c0
&b[10], 0x556b1439ec80
&a[4][11], 0x556b1439e5c8
&b[11], 0x556b1439ec88
&a[4][12], 0x556b1439e5d0
&b[12], 0x556b1439ec90
&a[4][13], 0x556b1439e5d8
&b[13], 0x556b1439ec98
&a[4][14], 0x556b1439e5e0
&b[14], 0x556b1439eca0
&a[4][15], 0x556b1439e5e8
&b[15], 0x556b1439eca8
&c[4], 0x556b1439ece0
&a[5][0], 0x556b1439e600
&b[0], 0x556b1439ec30
&a[5][1], 0x556b1439e608
&b[1], 0x556b1439ec38
&a[5][2], 0x556b1439e610
&b[2], 0x556b1439ec40
&a[5][3], 0x556b1439e618
&b[3], 0x556b1439ec48
&a[5][4], 0x556b1439e620
&b[4], 0x556b1439ec50
&a[5][5], 0x556b1439e628
&b[5], 0x556b1439ec58
&a[5][6], 0x556b1439e630
&b[6], 0x556b1439ec60
&a[5][7], 0x556b1439e638
&b[7], 0x556b1439ec68
&a[5][8], 0x556b1439e640
&b[8], 0x556b1439ec70
&a[5][9], 0x556b1439e648
&b[9], 0x556b1439ec78
&a[5][10], 0x556b1439e650
&b[10], 0x556b1439ec80
&a[5][11], 0x556b1439e658
&b[11], 0x556b1439ec88
&a[5][12], 0x556b1439e660
&b[12], 0x556b1439ec90
&a[5][13], 0x556b1439e668
&b[13], 0x556b1439ec98
&a[5][14], 0x556b1439e670
&b[14], 0x556b1439eca0
&a[5][15], 0x556b1439e678
&b[15], 0x556b1439eca8
&c[5], 0x556b1439ece8
&a[6][0], 0x556b1439e690
&b[0], 0x556b1439ec30
&a[6][1], 0x556b1439e698
&b[1], 0x556b1439ec38
&a[6][2], 0x556b1439e6a0
&b[2], 0x556b1439ec40
&a[6][3], 0x556b1439e6a8
&b[3], 0x556b1439ec48
&a[6][4], 0x556b1439e6b0
&b[4], 0x556b1439ec50
&a[6][5], 0x556b1439e6b8
&b[5], 0x556b1439ec58
&a[6][6], 0x556b1439e6c0
&b[6], 0x556b1439ec60
&a[6][7], 0x556b1439e6c8
&b[7], 0x556b1439ec68
&a[6][8], 0x556b1439e6d0
&b[8], 0x556b1439ec70
&a[6][9], 0x556b1439e6d8
&b[9], 0x556b1439ec78
&a[6][10], 0x556b1439e6e0
&b[10], 0x556b1439ec80
&a[6][11], 0x556b1439e6e8
&b[11], 0x556b1439ec88
&a[6][12], 0x556b1439e6f0
&b[12], 0x556b1439ec90
&a[6][13], 0x556b1439e6f8
&b[13], 0x556b1439ec98
&a[6][14], 0x556b1439e700
&b[14], 0x556b1439eca0
&a[6][15], 0x556b1439e708
&b[15], 0x556b1439eca8
&c[6], 0x556b1439ecf0
&a[7][0], 0x556b1439e720
&b[0], 0x556b1439ec30
&a[7][1], 0x556b1439e728
&b[1], 0x556b1439ec38
&a[7][2], 0x556b1439e730
&b[2], 0x556b1439ec40
&a[7][3], 0x556b1439e738
&b[3], 0x556b1439ec48
&a[7][4], 0x556b1439e740
&b[4], 0x556b1439ec50
&a[7][5], 0x556b1439e748
&b[5], 0x556b1439ec58
&a[7][6], 0x556b1439e750
&b[6], 0x556b1439ec60
&a[7][7], 0x556b1439e758
&b[7], 0x556b1439ec68
&a[7][8], 0x556b1439e760
&b[8], 0x556b1439ec70
&a[7][9], 0x556b1439e768
&b[9], 0x556b1439ec78
&a[7][10], 0x556b1439e770
&b[10], 0x556b1439ec80
&a[7][11], 0x556b1439e778
&b[11], 0x556b1439ec88
&a[7][12], 0x556b1439e780
&b[12], 0x556b1439ec90
&a[7][13], 0x556b1439e788
&b[13], 0x556b1439ec98
&a[7][14], 0x556b1439e790
&b[14], 0x556b1439eca0
&a[7][15], 0x556b1439e798
&b[15], 0x556b1439eca8
&c[7], 0x556b1439ecf8
&a[8][0], 0x556b1439e7b0
&b[0], 0x556b1439ec30
&a[8][1], 0x556b1439e7b8
&b[1], 0x556b1439ec38
&a[8][2], 0x556b1439e7c0
&b[2], 0x556b1439ec40
&a[8][3], 0x556b1439e7c8
&b[3], 0x556b1439ec48
&a[8][4], 0x556b1439e7d0
&b[4], 0x556b1439ec50
&a[8][5], 0x556b1439e7d8
&b[5], 0x556b1439ec58
&a[8][6], 0x556b1439e7e0
&b[6], 0x556b1439ec60
&a[8][7], 0x556b1439e7e8
&b[7], 0x556b1439ec68
&a[8][8], 0x556b1439e7f0
&b[8], 0x556b1439ec70
&a[8][9], 0x556b1439e7f8
&b[9], 0x556b1439ec78
&a[8][10], 0x556b1439e800
&b[10], 0x556b1439ec80
&a[8][11], 0x556b1439e808
&b[11], 0x556b1439ec88
&a[8][12], 0x556b1439e810
&b[12], 0x556b1439ec90
&a[8][13], 0x556b1439e818
&b[13], 0x556b1439ec98
&a[8][14], 0x556b1439e820
&b[14], 0x556b1439eca0
&a[8][15], 0x556b1439e828
&b[15], 0x556b1439eca8
&c[8], 0x556b1439ed00
&a[9][0], 0x556b1439e840
&b[0], 0x556b1439ec30
&a[9][1], 0x556b1439e848
&b[1], 0x556b1439ec38
&a[9][2], 0x556b1439e850
&b[2], 0x556b1439ec40
&a[9][3], 0x556b1439e858
&b[3], 0x556b1439ec48
&a[9][4], 0x556b1439e860
&b[4], 0x556b1439ec50
&a[9][5], 0x556b1439e868
&b[5], 0x556b1439ec58
&a[9][6], 0x556b1439e870
&b[6], 0x556b1439ec60
&a[9][7], 0x556b1439e878
&b[7], 0x556b1439ec68
&a[9][8], 0x556b1439e880
&b[8], 0x556b1439ec70
&a[9][9], 0x556b1439e888
&b[9], 0x556b1439ec78
&a[9][10], 0x556b1439e890
&b[10], 0x556b1439ec80
&a[9][11], 0x556b1439e898
&b[11], 0x556b1439ec88
&a[9][12], 0x556b1439e8a0
&b[12], 0x556b1439ec90
&a[9][13], 0x556b1439e8a8
&b[13], 0x556b1439ec98
&a[9][14], 0x556b1439e8b0
&b[14], 0x556b1439eca0
&a[9][15], 0x556b1439e8b8
&b[15], 0x556b1439eca8
&c[9], 0x556b1439ed08
&a[10][0], 0x556b1439e8d0
&b[0], 0x556b1439ec30
&a[10][1], 0x556b1439e8d8
&b[1], 0x556b1439ec38
&a[10][2], 0x556b1439e8e0
&b[2], 0x556b1439ec40
&a[10][3], 0x556b1439e8e8
&b[3], 0x556b1439ec48
&a[10][4], 0x556b1439e8f0
&b[4], 0x556b1439ec50
&a[10][5], 0x556b1439e8f8
&b[5], 0x556b1439ec58
&a[10][6], 0x556b1439e900
&b[6], 0x556b1439ec60
&a[10][7], 0x556b1439e908
&b[7], 0x556b1439ec68
&a[10][8], 0x556b1439e910
&b[8], 0x556b1439ec70
&a[10][9], 0x556b1439e918
&b[9], 0x556b1439ec78
&a[10][10], 0x556b1439e920
&b[10], 0x556b1439ec80
&a[10][11], 0x556b1439e928
&b[11], 0x556b1439ec88
&a[10][12], 0x556b1439e930
&b[12], 0x556b1439ec90
&a[10][13], 0x556b1439e938
&b[13], 0x556b1439ec98
&a[10][14], 0x556b1439e940
&b[14], 0x556b1439eca0
&a[10][15], 0x556b1439e948
&b[15], 0x556b1439eca8
&c[10], 0x556b1439ed10
&a[11][0], 0x556b1439e960
&b[0], 0x556b1439ec30
&a[11][1], 0x556b1439e968
&b[1], 0x556b1439ec38
&a[11][2], 0x556b1439e970
&b[2], 0x556b1439ec40
&a[11][3], 0x556b1439e978
&b[3], 0x556b1439ec48
&a[11][4], 0x556b1439e980
&b[4], 0x556b1439ec50
&a[11][5], 0x556b1439e988
&b[5], 0x556b1439ec58
&a[11][6], 0x556b1439e990
&b[6], 0x556b1439ec60
&a[11][7], 0x556b1439e998
&b[7], 0x556b1439ec68
&a[11][8], 0x556b1439e9a0
&b[8], 0x556b1439ec70
&a[11][9], 0x556b1439e9a8
&b[9], 0x556b1439ec78
&a[11][10], 0x556b1439e9b0
&b[10], 0x556b1439ec80
&a[11][11], 0x556b1439e9b8
&b[11], 0x556b1439ec88
&a[11][12], 0x556b1439e9c0
&b[12], 0x556b1439ec90
&a[11][13], 0x556b1439e9c8
&b[13], 0x556b1439ec98
&a[11][14], 0x556b1439e9d0
&b[14], 0x556b1439eca0
&a[11][15], 0x556b1439e9d8
&b[15], 0x556b1439eca8
&c[11], 0x556b1439ed18
&a[12][0], 0x556b1439e9f0
&b[0], 0x556b1439ec30
&a[12][1], 0x556b1439e9f8
&b[1], 0x556b1439ec38
&a[12][2], 0x556b1439ea00
&b[2], 0x556b1439ec40
&a[12][3], 0x556b1439ea08
&b[3], 0x556b1439ec48
&a[12][4], 0x556b1439ea10
&b[4], 0x556b1439ec50
&a[12][5], 0x556b1439ea18
&b[5], 0x556b1439ec58
&a[12][6], 0x556b1439ea20
&b[6], 0x556b1439ec60
&a[12][7], 0x556b1439ea28
&b[7], 0x556b1439ec68
&a[12][8], 0x556b1439ea30
&b[8], 0x556b1439ec70
&a[12][9], 0x556b1439ea38
&b[9], 0x556b1439ec78
&a[12][10], 0x556b1439ea40
&b[10], 0x556b1439ec80
&a[12][11], 0x556b1439ea48
&b[11], 0x556b1439ec88
&a[12][12], 0x556b1439ea50
&b[12], 0x556b1439ec90
&a[12][13], 0x556b1439ea58
&b[13], 0x556b1439ec98
&a[12][14], 0x556b1439ea60
&b[14], 0x556b1439eca0
&a[12][15], 0x556b1439ea68
&b[15], 0x556b1439eca8
&c[12], 0x556b1439ed20
&a[13][0], 0x556b1439ea80
&b[0], 0x556b1439ec30
&a[13][1], 0x556b1439ea88
&b[1], 0x556b1439ec38
&a[13][2], 0x556b1439ea90
&b[2], 0x556b1439ec40
&a[13][3], 0x556b1439ea98
&b[3], 0x556b1439ec48
&a[13][4], 0x556b1439eaa0
&b[4], 0x556b1439ec50
&a[13][5], 0x556b1439eaa8
&b[5], 0x556b1439ec58
&a[13][6], 0x556b1439eab0
&b[6], 0x556b1439ec60
&a[13][7], 0x556b1439eab8
&b[7], 0x556b1439ec68
&a[13][8], 0x556b1439eac0
&b[8], 0x556b1439ec70
&a[13][9], 0x556b1439eac8
&b[9], 0x556b1439ec78
&a[13][10], 0x556b1439ead0
&b[10], 0x556b1439ec80
&a[13][11], 0x556b1439ead8
&b[11], 0x556b1439ec88
&a[13][12], 0x556b1439eae0
&b[12], 0x556b1439ec90
&a[13][13], 0x556b1439eae8
&b[13], 0x556b1439ec98
&a[13][14], 0x556b1439eaf0
&b[14], 0x556b1439eca0
&a[13][15], 0x556b1439eaf8
&b[15], 0x556b1439eca8
&c[13], 0x556b1439ed28
&a[14][0], 0x556b1439eb10
&b[0], 0x556b1439ec30
&a[14][1], 0x556b1439eb18
&b[1], 0x556b1439ec38
&a[14][2], 0x556b1439eb20
&b[2], 0x556b1439ec40
&a[14][3], 0x556b1439eb28
&b[3], 0x556b1439ec48
&a[14][4], 0x556b1439eb30
&b[4], 0x556b1439ec50
&a[14][5], 0x556b1439eb38
&b[5], 0x556b1439ec58
&a[14][6], 0x556b1439eb40
&b[6], 0x556b1439ec60
&a[14][7], 0x556b1439eb48
&b[7], 0x556b1439ec68
&a[14][8], 0x556b1439eb50
&b[8], 0x556b1439ec70
&a[14][9], 0x556b1439eb58
&b[9], 0x556b1439ec78
&a[14][10], 0x556b1439eb60
&b[10], 0x556b1439ec80
&a[14][11], 0x556b1439eb68
&b[11], 0x556b1439ec88
&a[14][12], 0x556b1439eb70
&b[12], 0x556b1439ec90
&a[14][13], 0x556b1439eb78
&b[13], 0x556b1439ec98
&a[14][14], 0x556b1439eb80
&b[14], 0x556b1439eca0
&a[14][15], 0x556b1439eb88
&b[15], 0x556b1439eca8
&c[14], 0x556b1439ed30
&a[15][0], 0x556b1439eba0
&b[0], 0x556b1439ec30
&a[15][1], 0x556b1439eba8
&b[1], 0x556b1439ec38
&a[15][2], 0x556b1439ebb0
&b[2], 0x556b1439ec40
&a[15][3], 0x556b1439ebb8
&b[3], 0x556b1439ec48
&a[15][4], 0x556b1439ebc0
&b[4], 0x556b1439ec50
&a[15][5], 0x556b1439ebc8
&b[5], 0x556b1439ec58
&a[15][6], 0x556b1439ebd0
&b[6], 0x556b1439ec60
&a[15][7], 0x556b1439ebd8
&b[7], 0x556b1439ec68
&a[15][8], 0x556b1439ebe0
&b[8], 0x556b1439ec70
&a[15][9], 0x556b1439ebe8
&b[9], 0x556b1439ec78
&a[15][10], 0x556b1439ebf0
&b[10], 0x556b1439ec80
&a[15][11], 0x556b1439ebf8
&b[11], 0x556b1439ec88
&a[15][12], 0x556b1439ec00
&b[12], 0x556b1439ec90
&a[15][13], 0x556b1439ec08
&b[13], 0x556b1439ec98
&a[15][14], 0x556b1439ec10
&b[14], 0x556b1439eca0
&a[15][15], 0x556b1439ec18
&b[15], 0x556b1439eca8
&c[15], 0x556b1439ed38
28799.000000,22046
&a[0][0], 0x56450828d330
&b[0], 0x56450828dc30
&a[0][1], 0x56450828d338
&b[1], 0x56450828dc38
&a[0][2], 0x56450828d340
&b[2], 0x56450828dc40
&a[0][3], 0x56450828d348
&b[3], 0x56450828dc48
&a[0][4], 0x56450828d350
&b[4], 0x56450828dc50
&a[0][5], 0x56450828d358
&b[5], 0x56450828dc58
&a[0][6], 0x56450828d360
&b[6], 0x56450828dc60
&a[0][7], 0x56450828d368
&b[7], 0x56450828dc68
&a[0][8], 0x56450828d370
&b[8], 0x56450828dc70
&a[0][9], 0x56450828d378
&b[9], 0x56450828dc78
&a[0][10], 0x56450828d380
&b[10], 0x56450828dc80
&a[0][11], 0x56450828d388
&b[11], 0x56450828dc88
&a[0][12], 0x56450828d390
&b[12], 0x56450828dc90
&a[0][13], 0x56450828d398
&b[13], 0x56450828dc98
&a[0][14], 0x56450828d3a0
&b[14], 0x56450828dca0
&a[0][15], 0x56450828d3a8
&b[15], 0x56450828dca8
&c[0], 0x56450828dcc0
&a[1][0], 0x56450828d3c0
&b[0], 0x56450828dc30
&a[1][1], 0x56450828d3c8
&b[1], 0x56450828dc38
&a[1][2], 0x56450828d3d0
&b[2], 0x56450828dc40
&a[1][3], 0x56450828d3d8
&b[3], 0x56450828dc48
&a[1][4], 0x56450828d3e0
&b[4], 0x56450828dc50
&a[1][5], 0x56450828d3e8
&b[5], 0x56450828dc58
&a[1][6], 0x56450828d3f0
&b[6], 0x56450828dc60
&a[1][7], 0x56450828d3f8
&b[7], 0x56450828dc68
&a[1][8], 0x56450828d400
&b[8], 0x56450828dc70
&a[1][9], 0x56450828d408
&b[9], 0x56450828dc78
&a[1][10], 0x56450828d410
&b[10], 0x56450828dc80
&a[1][11], 0x56450828d418
&b[11], 0x56450828dc88
&a[1][12], 0x56450828d420
&b[12], 0x56450828dc90
&a[1][13], 0x56450828d428
&b[13], 0x56450828dc98
&a[1][14], 0x56450828d430
&b[14], 0x56450828dca0
&a[1][15], 0x56450828d438
&b[15], 0x56450828dca8
&c[1], 0x56450828dcc8
&a[2][0], 0x56450828d450
&b[0], 0x56450828dc30
&a[2][1], 0x56450828d458
&b[1], 0x56450828dc38
&a[2][2], 0x56450828d460
&b[2], 0x56450828dc40
&a[2][3], 0x56450828d468
&b[3], 0x56450828dc48
&a[2][4], 0x56450828d470
&b[4], 0x56450828dc50
&a[2][5], 0x56450828d478
&b[5], 0x56450828dc58
&a[2][6], 0x56450828d480
&b[6], 0x56450828dc60
&a[2][7], 0x56450828d488
&b[7], 0x56450828dc68
&a[2][8], 0x56450828d490
&b[8], 0x56450828dc70
&a[2][9], 0x56450828d498
&b[9], 0x56450828dc78
&a[2][10], 0x56450828d4a0
&b[10], 0x56450828dc80
&a[2][11], 0x56450828d4a8
&b[11], 0x56450828dc88
&a[2][12], 0x56450828d4b0
&b[12], 0x56450828dc90
&a[2][13], 0x56450828d4b8
&b[13], 0x56450828dc98
&a[2][14], 0x56450828d4c0
&b[14], 0x56450828dca0
&a[2][15], 0x56450828d4c8
&b[15], 0x56450828dca8
&c[2], 0x56450828dcd0
&a[3][0], 0x56450828d4e0
&b[0], 0x56450828dc30
&a[3][1], 0x56450828d4e8
&b[1], 0x56450828dc38
&a[3][2], 0x56450828d4f0
&b[2], 0x56450828dc40
&a[3][3], 0x56450828d4f8
&b[3], 0x56450828dc48
&a[3][4], 0x56450828d500
&b[4], 0x56450828dc50
&a[3][5], 0x56450828d508
&b[5], 0x56450828dc58
&a[3][6], 0x56450828d510
&b[6], 0x56450828dc60
&a[3][7], 0x56450828d518
&b[7], 0x56450828dc68
&a[3][8], 0x56450828d520
&b[8], 0x56450828dc70
&a[3][9], 0x56450828d528
&b[9], 0x56450828dc78
&a[3][10], 0x56450828d530
&b[10], 0x56450828dc80
&a[3][11], 0x56450828d538
&b[11], 0x56450828dc88
&a[3][12], 0x56450828d540
&b[12], 0x56450828dc90
&a[3][13], 0x56450828d548
&b[13], 0x56450828dc98
&a[3][14], 0x56450828d550
&b[14], 0x56450828dca0
&a[3][15], 0x56450828d558
&b[15], 0x56450828dca8
&c[3], 0x56450828dcd8
&a[4][0], 0x56450828d570
&b[0], 0x56450828dc30
&a[4][1], 0x56450828d578
&b[1], 0x56450828dc38
&a[4][2], 0x56450828d580
&b[2], 0x56450828dc40
&a[4][3], 0x56450828d588
&b[3], 0x56450828dc48
&a[4][4], 0x56450828d590
&b[4], 0x56450828dc50
&a[4][5], 0x56450828d598
&b[5], 0x56450828dc58
&a[4][6], 0x56450828d5a0
&b[6], 0x56450828dc60
&a[4][7], 0x56450828d5a8
&b[7], 0x56450828dc68
&a[4][8], 0x56450828d5b0
&b[8], 0x56450828dc70
&a[4][9], 0x56450828d5b8
&b[9], 0x56450828dc78
&a[4][10], 0x56450828d5c0
&b[10], 0x56450828dc80
&a[4][11], 0x56450828d5c8
&b[11], 0x56450828dc88
&a[4][12], 0x56450828d5d0
&b[12], 0x56450828dc90
&a[4][13], 0x56450828d5d8
&b[13], 0x56450828dc98
&a[4][14], 0x56450828d5e0
&b[14], 0x56450828dca0
&a[4][15], 0x56450828d5e8
&b[15], 0x56450828dca8
&c[4], 0x56450828dce0
&a[5][0], 0x56450828d600
&b[0], 0x56450828dc30
&a[5][1], 0x56450828d608
&b[1], 0x56450828dc38
&a[5][2], 0x56450828d610
&b[2], 0x56450828dc40
&a[5][3], 0x56450828d618
&b[3], 0x56450828dc48
&a[5][4], 0x56450828d620
&b[4], 0x56450828dc50
&a[5][5], 0x56450828d628
&b[5], 0x56450828dc58
&a[5][6], 0x56450828d630
&b[6], 0x56450828dc60
&a[5][7], 0x56450828d638
&b[7], 0x56450828dc68
&a[5][8], 0x56450828d640
&b[8], 0x56450828dc70
&a[5][9], 0x56450828d648
&b[9], 0x56450828dc78
&a[5][10], 0x56450828d650
&b[10], 0x56450828dc80
&a[5][11], 0x56450828d658
&b[11], 0x56450828dc88
&a[5][12], 0x56450828d660
&b[12], 0x56450828dc90
&a[5][13], 0x56450828d668
&b[13], 0x56450828dc98
&a[5][14], 0x56450828d670
&b[14], 0x56450828dca0
&a[5][15], 0x56450828d678
&b[15], 0x56450828dca8
&c[5], 0x56450828dce8
&a[6][0], 0x56450828d690
&b[0], 0x56450828dc30
&a[6][1], 0x56450828d698
&b[1], 0x56450828dc38
&a[6][2], 0x56450828d6a0
&b[2], 0x56450828dc40
&a[6][3], 0x56450828d6a8
&b[3], 0x56450828dc48
&a[6][4], 0x56450828d6b0
&b[4], 0x56450828dc50
&a[6][5], 0x56450828d6b8
&b[5], 0x56450828dc58
&a[6][6], 0x56450828d6c0
&b[6], 0x56450828dc60
&a[6][7], 0x56450828d6c8
&b[7], 0x56450828dc68
&a[6][8], 0x56450828d6d0
&b[8], 0x56450828dc70
&a[6][9], 0x56450828d6d8
&b[9], 0x56450828dc78
&a[6][10], 0x56450828d6e0
&b[10], 0x56450828dc80
&a[6][11], 0x56450828d6e8
&b[11], 0x56450828dc88
&a[6][12], 0x56450828d6f0
&b[12], 0x56450828dc90
&a[6][13], 0x56450828d6f8
&b[13], 0x56450828dc98
&a[6][14], 0x56450828d700
&b[14], 0x56450828dca0
&a[6][15], 0x56450828d708
&b[15], 0x56450828dca8
&c[6], 0x56450828dcf0
&a[7][0], 0x56450828d720
&b[0], 0x56450828dc30
&a[7][1], 0x56450828d728
&b[1], 0x56450828dc38
&a[7][2], 0x56450828d730
&b[2], 0x56450828dc40
&a[7][3], 0x56450828d738
&b[3], 0x56450828dc48
&a[7][4], 0x56450828d740
&b[4], 0x56450828dc50
&a[7][5], 0x56450828d748
&b[5], 0x56450828dc58
&a[7][6], 0x56450828d750
&b[6], 0x56450828dc60
&a[7][7], 0x56450828d758
&b[7], 0x56450828dc68
&a[7][8], 0x56450828d760
&b[8], 0x56450828dc70
&a[7][9], 0x56450828d768
&b[9], 0x56450828dc78
&a[7][10], 0x56450828d770
&b[10], 0x56450828dc80
&a[7][11], 0x56450828d778
&b[11], 0x56450828dc88
&a[7][12], 0x56450828d780
&b[12], 0x56450828dc90
&a[7][13], 0x56450828d788
&b[13], 0x56450828dc98
&a[7][14], 0x56450828d790
&b[14], 0x56450828dca0
&a[7][15], 0x56450828d798
&b[15], 0x56450828dca8
&c[7], 0x56450828dcf8
&a[8][0], 0x56450828d7b0
&b[0], 0x56450828dc30
&a[8][1], 0x56450828d7b8
&b[1], 0x56450828dc38
&a[8][2], 0x56450828d7c0
&b[2], 0x56450828dc40
&a[8][3], 0x56450828d7c8
&b[3], 0x56450828dc48
&a[8][4], 0x56450828d7d0
&b[4], 0x56450828dc50
&a[8][5], 0x56450828d7d8
&b[5], 0x56450828dc58
&a[8][6], 0x56450828d7e0
&b[6], 0x56450828dc60
&a[8][7], 0x56450828d7e8
&b[7], 0x56450828dc68
&a[8][8], 0x56450828d7f0
&b[8], 0x56450828dc70
&a[8][9], 0x56450828d7f8
&b[9], 0x56450828dc78
&a[8][10], 0x56450828d800
&b[10], 0x56450828dc80
&a[8][11], 0x56450828d808
&b[11], 0x56450828dc88
&a[8][12], 0x56450828d810
&b[12], 0x56450828dc90
&a[8][13], 0x56450828d818
&b[13], 0x56450828dc98
&a[8][14], 0x56450828d820
&b[14], 0x56450828dca0
&a[8][15], 0x56450828d828
&b[15], 0x56450828dca8
&c[8], 0x56450828dd00
&a[9][0], 0x56450828d840
&b[0], 0x56450828dc30
&a[9][1], 0x56450828d848
&b[1], 0x56450828dc38
&a[9][2], 0x56450828d850
&b[2], 0x56450828dc40
&a[9][3], 0x56450828d858
&b[3], 0x56450828dc48
&a[9][4], 0x56450828d860
&b[4], 0x56450828dc50
&a[9][5], 0x56450828d868
&b[5], 0x56450828dc58
&a[9][6], 0x56450828d870
&b[6], 0x56450828dc60
&a[9][7], 0x56450828d878
&b[7], 0x56450828dc68
&a[9][8], 0x56450828d880
&b[8], 0x56450828dc70
&a[9][9], 0x56450828d888
&b[9], 0x56450828dc78
&a[9][10], 0x56450828d890
&b[10], 0x56450828dc80
&a[9][11], 0x56450828d898
&b[11], 0x56450828dc88
&a[9][12], 0x56450828d8a0
&b[12], 0x56450828dc90
&a[9][13], 0x56450828d8a8
&b[13], 0x56450828dc98
&a[9][14], 0x56450828d8b0
&b[14], 0x56450828dca0
&a[9][15], 0x56450828d8b8
&b[15], 0x56450828dca8
&c[9], 0x56450828dd08
&a[10][0], 0x56450828d8d0
&b[0], 0x56450828dc30
&a[10][1], 0x56450828d8d8
&b[1], 0x56450828dc38
&a[10][2], 0x56450828d8e0
&b[2], 0x56450828dc40
&a[10][3], 0x56450828d8e8
&b[3], 0x56450828dc48
&a[10][4], 0x56450828d8f0
&b[4], 0x56450828dc50
&a[10][5], 0x56450828d8f8
&b[5], 0x56450828dc58
&a[10][6], 0x56450828d900
&b[6], 0x56450828dc60
&a[10][7], 0x56450828d908
&b[7], 0x56450828dc68
&a[10][8], 0x56450828d910
&b[8], 0x56450828dc70
&a[10][9], 0x56450828d918
&b[9], 0x56450828dc78
&a[10][10], 0x56450828d920
&b[10], 0x56450828dc80
&a[10][11], 0x56450828d928
&b[11], 0x56450828dc88
&a[10][12], 0x56450828d930
&b[12], 0x56450828dc90
&a[10][13], 0x56450828d938
&b[13], 0x56450828dc98
&a[10][14], 0x56450828d940
&b[14], 0x56450828dca0
&a[10][15], 0x56450828d948
&b[15], 0x56450828dca8
&c[10], 0x56450828dd10
&a[11][0], 0x56450828d960
&b[0], 0x56450828dc30
&a[11][1], 0x56450828d968
&b[1], 0x56450828dc38
&a[11][2], 0x56450828d970
&b[2], 0x56450828dc40
&a[11][3], 0x56450828d978
&b[3], 0x56450828dc48
&a[11][4], 0x56450828d980
&b[4], 0x56450828dc50
&a[11][5], 0x56450828d988
&b[5], 0x56450828dc58
&a[11][6], 0x56450828d990
&b[6], 0x56450828dc60
&a[11][7], 0x56450828d998
&b[7], 0x56450828dc68
&a[11][8], 0x56450828d9a0
&b[8], 0x56450828dc70
&a[11][9], 0x56450828d9a8
&b[9], 0x56450828dc78
&a[11][10], 0x56450828d9b0
&b[10], 0x56450828dc80
&a[11][11], 0x56450828d9b8
&b[11], 0x56450828dc88
&a[11][12], 0x56450828d9c0
&b[12], 0x56450828dc90
&a[11][13], 0x56450828d9c8
&b[13], 0x56450828dc98
&a[11][14], 0x56450828d9d0
&b[14], 0x56450828dca0
&a[11][15], 0x56450828d9d8
&b[15], 0x56450828dca8
&c[11], 0x56450828dd18
&a[12][0], 0x56450828d9f0
&b[0], 0x56450828dc30
&a[12][1], 0x56450828d9f8
&b[1], 0x56450828dc38
&a[12][2], 0x56450828da00
&b[2], 0x56450828dc40
&a[12][3], 0x56450828da08
&b[3], 0x56450828dc48
&a[12][4], 0x56450828da10
&b[4], 0x56450828dc50
&a[12][5], 0x56450828da18
&b[5], 0x56450828dc58
&a[12][6], 0x56450828da20
&b[6], 0x56450828dc60
&a[12][7], 0x56450828da28
&b[7], 0x56450828dc68
&a[12][8], 0x56450828da30
&b[8], 0x56450828dc70
&a[12][9], 0x56450828da38
&b[9], 0x56450828dc78
&a[12][10], 0x56450828da40
&b[10], 0x56450828dc80
&a[12][11], 0x56450828da48
&b[11], 0x56450828dc88
&a[12][12], 0x56450828da50
&b[12], 0x56450828dc90
&a[12][13], 0x56450828da58
&b[13], 0x56450828dc98
&a[12][14], 0x56450828da60
&b[14], 0x56450828dca0
&a[12][15], 0x56450828da68
&b[15], 0x56450828dca8
&c[12], 0x56450828dd20
&a[13][0], 0x56450828da80
&b[0], 0x56450828dc30
&a[13][1], 0x56450828da88
&b[1], 0x56450828dc38
&a[13][2], 0x56450828da90
&b[2], 0x56450828dc40
&a[13][3], 0x56450828da98
&b[3], 0x56450828dc48
&a[13][4], 0x56450828daa0
&b[4], 0x56450828dc50
&a[13][5], 0x56450828daa8
&b[5], 0x56450828dc58
&a[13][6], 0x56450828dab0
&b[6], 0x56450828dc60
&a[13][7], 0x56450828dab8
&b[7], 0x56450828dc68
&a[13][8], 0x56450828dac0
&b[8], 0x56450828dc70
&a[13][9], 0x56450828dac8
&b[9], 0x56450828dc78
&a[13][10], 0x56450828dad0
&b[10], 0x56450828dc80
&a[13][11], 0x56450828dad8
&b[11], 0x56450828dc88
&a[13][12], 0x56450828dae0
&b[12], 0x56450828dc90
&a[13][13], 0x56450828dae8
&b[13], 0x56450828dc98
&a[13][14], 0x56450828daf0
&b[14], 0x56450828dca0
&a[13][15], 0x56450828daf8
&b[15], 0x56450828dca8
&c[13], 0x56450828dd28
&a[14][0], 0x56450828db10
&b[0], 0x56450828dc30
&a[14][1], 0x56450828db18
&b[1], 0x56450828dc38
&a[14][2], 0x56450828db20
&b[2], 0x56450828dc40
&a[14][3], 0x56450828db28
&b[3], 0x56450828dc48
&a[14][4], 0x56450828db30
&b[4], 0x56450828dc50
&a[14][5], 0x56450828db38
&b[5], 0x56450828dc58
&a[14][6], 0x56450828db40
&b[6], 0x56450828dc60
&a[14][7], 0x56450828db48
&b[7], 0x56450828dc68
&a[14][8], 0x56450828db50
&b[8], 0x56450828dc70
&a[14][9], 0x56450828db58
&b[9], 0x56450828dc78
&a[14][10], 0x56450828db60
&b[10], 0x56450828dc80
&a[14][11], 0x56450828db68
&b[11], 0x56450828dc88
&a[14][12], 0x56450828db70
&b[12], 0x56450828dc90
&a[14][13], 0x56450828db78
&b[13], 0x56450828dc98
&a[14][14], 0x56450828db80
&b[14], 0x56450828dca0
&a[14][15], 0x56450828db88
&b[15], 0x56450828dca8
&c[14], 0x56450828dd30
&a[15][0], 0x56450828dba0
&b[0], 0x56450828dc30
&a[15][1], 0x56450828dba8
&b[1], 0x56450828dc38
&a[15][2], 0x56450828dbb0
&b[2], 0x56450828dc40
&a[15][3], 0x56450828dbb8
&b[3], 0x56450828dc48
&a[15][4], 0x56450828dbc0
&b[4], 0x56450828dc50
&a[15][5], 0x56450828dbc8
&b[5], 0x56450828dc58
&a[15][6], 0x56450828dbd0
&b[6], 0x56450828dc60
&a[15][7], 0x56450828dbd8
&b[7], 0x56450828dc68
&a[15][8], 0x56450828dbe0
&b[8], 0x56450828dc70
&a[15][9], 0x56450828dbe8
&b[9], 0x56450828dc78
&a[15][10], 0x56450828dbf0
&b[10], 0x56450828dc80
&a[15][11], 0x56450828dbf8
&b[11], 0x56450828dc88
&a[15][12], 0x56450828dc00
&b[12], 0x56450828dc90
&a[15][13], 0x56450828dc08
&b[13], 0x56450828dc98
&a[15][14], 0x56450828dc10
&b[14], 0x56450828dca0
&a[15][15], 0x56450828dc18
&b[15], 0x56450828dca8
&c[15], 0x56450828dd38
28799.000000,22046
&a[0][0], 0x5601a5646330
&b[0], 0x5601a5646c30
&a[0][1], 0x5601a5646338
&b[1], 0x5601a5646c38
&a[0][2], 0x5601a5646340
&b[2], 0x5601a5646c40
&a[0][3], 0x5601a5646348
&b[3], 0x5601a5646c48
&a[0][4], 0x5601a5646350
&b[4], 0x5601a5646c50
&a[0][5], 0x5601a5646358
&b[5], 0x5601a5646c58
&a[0][6], 0x5601a5646360
&b[6], 0x5601a5646c60
&a[0][7], 0x5601a5646368
&b[7], 0x5601a5646c68
&a[0][8], 0x5601a5646370
&b[8], 0x5601a5646c70
&a[0][9], 0x5601a5646378
&b[9], 0x5601a5646c78
&a[0][10], 0x5601a5646380
&b[10], 0x5601a5646c80
&a[0][11], 0x5601a5646388
&b[11], 0x5601a5646c88
&a[0][12], 0x5601a5646390
&b[12], 0x5601a5646c90
&a[0][13], 0x5601a5646398
&b[13], 0x5601a5646c98
&a[0][14], 0x5601a56463a0
&b[14], 0x5601a5646ca0
&a[0][15], 0x5601a56463a8
&b[15], 0x5601a5646ca8
&c[0], 0x5601a5646cc0
&a[1][0], 0x5601a56463c0
&b[0], 0x5601a5646c30
&a[1][1], 0x5601a56463c8
&b[1], 0x5601a5646c38
&a[1][2], 0x5601a56463d0
&b[2], 0x5601a5646c40
&a[1][3], 0x5601a56463d8
&b[3], 0x5601a5646c48
&a[1][4], 0x5601a56463e0
&b[4], 0x5601a5646c50
&a[1][5], 0x5601a56463e8
&b[5], 0x5601a5646c58
&a[1][6], 0x5601a56463f0
&b[6], 0x5601a5646c60
&a[1][7], 0x5601a56463f8
&b[7], 0x5601a5646c68
&a[1][8], 0x5601a5646400
&b[8], 0x5601a5646c70
&a[1][9], 0x5601a5646408
&b[9], 0x5601a5646c78
&a[1][10], 0x5601a5646410
&b[10], 0x5601a5646c80
&a[1][11], 0x5601a5646418
&b[11], 0x5601a5646c88
&a[1][12], 0x5601a5646420
&b[12], 0x5601a5646c90
&a[1][13], 0x5601a5646428
&b[13], 0x5601a5646c98
&a[1][14], 0x5601a5646430
&b[14], 0x5601a5646ca0
&a[1][15], 0x5601a5646438
&b[15], 0x5601a5646ca8
&c[1], 0x5601a5646cc8
&a[2][0], 0x5601a5646450
&b[0], 0x5601a5646c30
&a[2][1], 0x5601a5646458
&b[1], 0x5601a5646c38
&a[2][2], 0x5601a5646460
&b[2], 0x5601a5646c40
&a[2][3], 0x5601a5646468
&b[3], 0x5601a5646c48
&a[2][4], 0x5601a5646470
&b[4], 0x5601a5646c50
&a[2][5], 0x5601a5646478
&b[5], 0x5601a5646c58
&a[2][6], 0x5601a5646480
&b[6], 0x5601a5646c60
&a[2][7], 0x5601a5646488
&b[7], 0x5601a5646c68
&a[2][8], 0x5601a5646490
&b[8], 0x5601a5646c70
&a[2][9], 0x5601a5646498
&b[9], 0x5601a5646c78
&a[2][10], 0x5601a56464a0
&b[10], 0x5601a5646c80
&a[2][11], 0x5601a56464a8
&b[11], 0x5601a5646c88
&a[2][12], 0x5601a56464b0
&b[12], 0x5601a5646c90
&a[2][13], 0x5601a56464b8
&b[13], 0x5601a5646c98
&a[2][14], 0x5601a56464c0
&b[14], 0x5601a5646ca0
&a[2][15], 0x5601a56464c8
&b[15], 0x5601a5646ca8
&c[2], 0x5601a5646cd0
&a[3][0], 0x5601a56464e0
&b[0], 0x5601a5646c30
&a[3][1], 0x5601a56464e8
&b[1], 0x5601a5646c38
&a[3][2], 0x5601a56464f0
&b[2], 0x5601a5646c40
&a[3][3], 0x5601a56464f8
&b[3], 0x5601a5646c48
&a[3][4], 0x5601a5646500
&b[4], 0x5601a5646c50
&a[3][5], 0x5601a5646508
&b[5], 0x5601a5646c58
&a[3][6], 0x5601a5646510
&b[6], 0x5601a5646c60
&a[3][7], 0x5601a5646518
&b[7], 0x5601a5646c68
&a[3][8], 0x5601a5646520
&b[8], 0x5601a5646c70
&a[3][9], 0x5601a5646528
&b[9], 0x5601a5646c78
&a[3][10], 0x5601a5646530
&b[10], 0x5601a5646c80
&a[3][11], 0x5601a5646538
&b[11], 0x5601a5646c88
&a[3][12], 0x5601a5646540
&b[12], 0x5601a5646c90
&a[3][13], 0x5601a5646548
&b[13], 0x5601a5646c98
&a[3][14], 0x5601a5646550
&b[14], 0x5601a5646ca0
&a[3][15], 0x5601a5646558
&b[15], 0x5601a5646ca8
&c[3], 0x5601a5646cd8
&a[4][0], 0x5601a5646570
&b[0], 0x5601a5646c30
&a[4][1], 0x5601a5646578
&b[1], 0x5601a5646c38
&a[4][2], 0x5601a5646580
&b[2], 0x5601a5646c40
&a[4][3], 0x5601a5646588
&b[3], 0x5601a5646c48
&a[4][4], 0x5601a5646590
&b[4], 0x5601a5646c50
&a[4][5], 0x5601a5646598
&b[5], 0x5601a5646c58
&a[4][6], 0x5601a56465a0
&b[6], 0x5601a5646c60
&a[4][7], 0x5601a56465a8
&b[7], 0x5601a5646c68
&a[4][8], 0x5601a56465b0
&b[8], 0x5601a5646c70
&a[4][9], 0x5601a56465b8
&b[9], 0x5601a5646c78
&a[4][10], 0x5601a56465c0
&b[10], 0x5601a5646c80
&a[4][11], 0x5601a56465c8
&b[11], 0x5601a5646c88
&a[4][12], 0x5601a56465d0
&b[12], 0x5601a5646c90
&a[4][13], 0x5601a56465d8
&b[13], 0x5601a5646c98
&a[4][14], 0x5601a56465e0
&b[14], 0x5601a5646ca0
&a[4][15], 0x5601a56465e8
&b[15], 0x5601a5646ca8
&c[4], 0x5601a5646ce0
&a[5][0], 0x5601a5646600
&b[0], 0x5601a5646c30
&a[5][1], 0x5601a5646608
&b[1], 0x5601a5646c38
&a[5][2], 0x5601a5646610
&b[2], 0x5601a5646c40
&a[5][3], 0x5601a5646618
&b[3], 0x5601a5646c48
&a[5][4], 0x5601a5646620
&b[4], 0x5601a5646c50
&a[5][5], 0x5601a5646628
&b[5], 0x5601a5646c58
&a[5][6], 0x5601a5646630
&b[6], 0x5601a5646c60
&a[5][7], 0x5601a5646638
&b[7], 0x5601a5646c68
&a[5][8], 0x5601a5646640
&b[8], 0x5601a5646c70
&a[5][9], 0x5601a5646648
&b[9], 0x5601a5646c78
&a[5][10], 0x5601a5646650
&b[10], 0x5601a5646c80
&a[5][11], 0x5601a5646658
&b[11], 0x5601a5646c88
&a[5][12], 0x5601a5646660
&b[12], 0x5601a5646c90
&a[5][13], 0x5601a5646668
&b[13], 0x5601a5646c98
&a[5][14], 0x5601a5646670
&b[14], 0x5601a5646ca0
&a[5][15], 0x5601a5646678
&b[15], 0x5601a5646ca8
&c[5], 0x5601a5646ce8
&a[6][0], 0x5601a5646690
&b[0], 0x5601a5646c30
&a[6][1], 0x5601a5646698
&b[1], 0x5601a5646c38
&a[6][2], 0x5601a56466a0
&b[2], 0x5601a5646c40
&a[6][3], 0x5601a56466a8
&b[3], 0x5601a5646c48
&a[6][4], 0x5601a56466b0
&b[4], 0x5601a5646c50
&a[6][5], 0x5601a56466b8
&b[5], 0x5601a5646c58
&a[6][6], 0x5601a56466c0
&b[6], 0x5601a5646c60
&a[6][7], 0x5601a56466c8
&b[7], 0x5601a5646c68
&a[6][8], 0x5601a56466d0
&b[8], 0x5601a5646c70
&a[6][9], 0x5601a56466d8
&b[9], 0x5601a5646c78
&a[6][10], 0x5601a56466e0
&b[10], 0x5601a5646c80
&a[6][11], 0x5601a56466e8
&b[11], 0x5601a5646c88
&a[6][12], 0x5601a56466f0
&b[12], 0x5601a5646c90
&a[6][13], 0x5601a56466f8
&b[13], 0x5601a5646c98
&a[6][14], 0x5601a5646700
&b[14], 0x5601a5646ca0
&a[6][15], 0x5601a5646708
&b[15], 0x5601a5646ca8
&c[6], 0x5601a5646cf0
&a[7][0], 0x5601a5646720
&b[0], 0x5601a5646c30
&a[7][1], 0x5601a5646728
&b[1], 0x5601a5646c38
&a[7][2], 0x5601a5646730
&b[2], 0x5601a5646c40
&a[7][3], 0x5601a5646738
&b[3], 0x5601a5646c48
&a[7][4], 0x5601a5646740
&b[4], 0x5601a5646c50
&a[7][5], 0x5601a5646748
&b[5], 0x5601a5646c58
&a[7][6], 0x5601a5646750
&b[6], 0x5601a5646c60
&a[7][7], 0x5601a5646758
&b[7], 0x5601a5646c68
&a[7][8], 0x5601a5646760
&b[8], 0x5601a5646c70
&a[7][9], 0x5601a5646768
&b[9], 0x5601a5646c78
&a[7][10], 0x5601a5646770
&b[10], 0x5601a5646c80
&a[7][11], 0x5601a5646778
&b[11], 0x5601a5646c88
&a[7][12], 0x5601a5646780
&b[12], 0x5601a5646c90
&a[7][13], 0x5601a5646788
&b[13], 0x5601a5646c98
&a[7][14], 0x5601a5646790
&b[14], 0x5601a5646ca0
&a[7][15], 0x5601a5646798
&b[15], 0x5601a5646ca8
&c[7], 0x5601a5646cf8
&a[8][0], 0x5601a56467b0
&b[0], 0x5601a5646c30
&a[8][1], 0x5601a56467b8
&b[1], 0x5601a5646c38
&a[8][2], 0x5601a56467c0
&b[2], 0x5601a5646c40
&a[8][3], 0x5601a56467c8
&b[3], 0x5601a5646c48
&a[8][4], 0x5601a56467d0
&b[4], 0x5601a5646c50
&a[8][5], 0x5601a56467d8
&b[5], 0x5601a5646c58
&a[8][6], 0x5601a56467e0
&b[6], 0x5601a5646c60
&a[8][7], 0x5601a56467e8
&b[7], 0x5601a5646c68
&a[8][8], 0x5601a56467f0
&b[8], 0x5601a5646c70
&a[8][9], 0x5601a56467f8
&b[9], 0x5601a5646c78
&a[8][10], 0x5601a5646800
&b[10], 0x5601a5646c80
&a[8][11], 0x5601a5646808
&b[11], 0x5601a5646c88
&a[8][12], 0x5601a5646810
&b[12], 0x5601a5646c90
&a[8][13], 0x5601a5646818
&b[13], 0x5601a5646c98
&a[8][14], 0x5601a5646820
&b[14], 0x5601a5646ca0
&a[8][15], 0x5601a5646828
&b[15], 0x5601a5646ca8
&c[8], 0x5601a5646d00
&a[9][0], 0x5601a5646840
&b[0], 0x5601a5646c30
&a[9][1], 0x5601a5646848
&b[1], 0x5601a5646c38
&a[9][2], 0x5601a5646850
&b[2], 0x5601a5646c40
&a[9][3], 0x5601a5646858
&b[3], 0x5601a5646c48
&a[9][4], 0x5601a5646860
&b[4], 0x5601a5646c50
&a[9][5], 0x5601a5646868
&b[5], 0x5601a5646c58
&a[9][6], 0x5601a5646870
&b[6], 0x5601a5646c60
&a[9][7], 0x5601a5646878
&b[7], 0x5601a5646c68
&a[9][8], 0x5601a5646880
&b[8], 0x5601a5646c70
&a[9][9], 0x5601a5646888
&b[9], 0x5601a5646c78
&a[9][10], 0x5601a5646890
&b[10], 0x5601a5646c80
&a[9][11], 0x5601a5646898
&b[11], 0x5601a5646c88
&a[9][12], 0x5601a56468a0
&b[12], 0x5601a5646c90
&a[9][13], 0x5601a56468a8
&b[13], 0x5601a5646c98
&a[9][14], 0x5601a56468b0
&b[14], 0x5601a5646ca0
&a[9][15], 0x5601a56468b8
&b[15], 0x5601a5646ca8
&c[9], 0x5601a5646d08
&a[10][0], 0x5601a56468d0
&b[0], 0x5601a5646c30
&a[10][1], 0x5601a56468d8
&b[1], 0x5601a5646c38
&a[10][2], 0x5601a56468e0
&b[2], 0x5601a5646c40
&a[10][3], 0x5601a56468e8
&b[3], 0x5601a5646c48
&a[10][4], 0x5601a56468f0
&b[4], 0x5601a5646c50
&a[10][5], 0x5601a56468f8
&b[5], 0x5601a5646c58
&a[10][6], 0x5601a5646900
&b[6], 0x5601a5646c60
&a[10][7], 0x5601a5646908
&b[7], 0x5601a5646c68
&a[10][8], 0x5601a5646910
&b[8], 0x5601a5646c70
&a[10][9], 0x5601a5646918
&b[9], 0x5601a5646c78
&a[10][10], 0x5601a5646920
&b[10], 0x5601a5646c80
&a[10][11], 0x5601a5646928
&b[11], 0x5601a5646c88
&a[10][12], 0x5601a5646930
&b[12], 0x5601a5646c90
&a[10][13], 0x5601a5646938
&b[13], 0x5601a5646c98
&a[10][14], 0x5601a5646940
&b[14], 0x5601a5646ca0
&a[10][15], 0x5601a5646948
&b[15], 0x5601a5646ca8
&c[10], 0x5601a5646d10
&a[11][0], 0x5601a5646960
&b[0], 0x5601a5646c30
&a[11][1], 0x5601a5646968
&b[1], 0x5601a5646c38
&a[11][2], 0x5601a5646970
&b[2], 0x5601a5646c40
&a[11][3], 0x5601a5646978
&b[3], 0x5601a5646c48
&a[11][4], 0x5601a5646980
&b[4], 0x5601a5646c50
&a[11][5], 0x5601a5646988
&b[5], 0x5601a5646c58
&a[11][6], 0x5601a5646990
&b[6], 0x5601a5646c60
&a[11][7], 0x5601a5646998
&b[7], 0x5601a5646c68
&a[11][8], 0x5601a56469a0
&b[8], 0x5601a5646c70
&a[11][9], 0x5601a56469a8
&b[9], 0x5601a5646c78
&a[11][10], 0x5601a56469b0
&b[10], 0x5601a5646c80
&a[11][11], 0x5601a56469b8
&b[11], 0x5601a5646c88
&a[11][12], 0x5601a56469c0
&b[12], 0x5601a5646c90
&a[11][13], 0x5601a56469c8
&b[13], 0x5601a5646c98
&a[11][14], 0x5601a56469d0
&b[14], 0x5601a5646ca0
&a[11][15], 0x5601a56469d8
&b[15], 0x5601a5646ca8
&c[11], 0x5601a5646d18
&a[12][0], 0x5601a56469f0
&b[0], 0x5601a5646c30
&a[12][1], 0x5601a56469f8
&b[1], 0x5601a5646c38
&a[12][2], 0x5601a5646a00
&b[2], 0x5601a5646c40
&a[12][3], 0x5601a5646a08
&b[3], 0x5601a5646c48
&a[12][4], 0x5601a5646a10
&b[4], 0x5601a5646c50
&a[12][5], 0x5601a5646a18
&b[5], 0x5601a5646c58
&a[12][6], 0x5601a5646a20
&b[6], 0x5601a5646c60
&a[12][7], 0x5601a5646a28
&b[7], 0x5601a5646c68
&a[12][8], 0x5601a5646a30
&b[8], 0x5601a5646c70
&a[12][9], 0x5601a5646a38
&b[9], 0x5601a5646c78
&a[12][10], 0x5601a5646a40
&b[10], 0x5601a5646c80
&a[12][11], 0x5601a5646a48
&b[11], 0x5601a5646c88
&a[12][12], 0x5601a5646a50
&b[12], 0x5601a5646c90
&a[12][13], 0x5601a5646a58
&b[13], 0x5601a5646c98
&a[12][14], 0x5601a5646a60
&b[14], 0x5601a5646ca0
&a[12][15], 0x5601a5646a68
&b[15], 0x5601a5646ca8
&c[12], 0x5601a5646d20
&a[13][0], 0x5601a5646a80
&b[0], 0x5601a5646c30
&a[13][1], 0x5601a5646a88
&b[1], 0x5601a5646c38
&a[13][2], 0x5601a5646a90
&b[2], 0x5601a5646c40
&a[13][3], 0x5601a5646a98
&b[3], 0x5601a5646c48
&a[13][4], 0x5601a5646aa0
&b[4], 0x5601a5646c50
&a[13][5], 0x5601a5646aa8
&b[5], 0x5601a5646c58
&a[13][6], 0x5601a5646ab0
&b[6], 0x5601a5646c60
&a[13][7], 0x5601a5646ab8
&b[7], 0x5601a5646c68
&a[13][8], 0x5601a5646ac0
&b[8], 0x5601a5646c70
&a[13][9], 0x5601a5646ac8
&b[9], 0x5601a5646c78
&a[13][10], 0x5601a5646ad0
&b[10], 0x5601a5646c80
&a[13][11], 0x5601a5646ad8
&b[11], 0x5601a5646c88
&a[13][12], 0x5601a5646ae0
&b[12], 0x5601a5646c90
&a[13][13], 0x5601a5646ae8
&b[13], 0x5601a5646c98
&a[13][14], 0x5601a5646af0
&b[14], 0x5601a5646ca0
&a[13][15], 0x5601a5646af8
&b[15], 0x5601a5646ca8
&c[13], 0x5601a5646d28
&a[14][0], 0x5601a5646b10
&b[0], 0x5601a5646c30
&a[14][1], 0x5601a5646b18
&b[1], 0x5601a5646c38
&a[14][2], 0x5601a5646b20
&b[2], 0x5601a5646c40
&a[14][3], 0x5601a5646b28
&b[3], 0x5601a5646c48
&a[14][4], 0x5601a5646b30
&b[4], 0x5601a5646c50
&a[14][5], 0x5601a5646b38
&b[5], 0x5601a5646c58
&a[14][6], 0x5601a5646b40
&b[6], 0x5601a5646c60
&a[14][7], 0x5601a5646b48
&b[7], 0x5601a5646c68
&a[14][8], 0x5601a5646b50
&b[8], 0x5601a5646c70
&a[14][9], 0x5601a5646b58
&b[9], 0x5601a5646c78
&a[14][10], 0x5601a5646b60
&b[10], 0x5601a5646c80
&a[14][11], 0x5601a5646b68
&b[11], 0x5601a5646c88
&a[14][12], 0x5601a5646b70
&b[12], 0x5601a5646c90
&a[14][13], 0x5601a5646b78
&b[13], 0x5601a5646c98
&a[14][14], 0x5601a5646b80
&b[14], 0x5601a5646ca0
&a[14][15], 0x5601a5646b88
&b[15], 0x5601a5646ca8
&c[14], 0x5601a5646d30
&a[15][0], 0x5601a5646ba0
&b[0], 0x5601a5646c30
&a[15][1], 0x5601a5646ba8
&b[1], 0x5601a5646c38
&a[15][2], 0x5601a5646bb0
&b[2], 0x5601a5646c40
&a[15][3], 0x5601a5646bb8
&b[3], 0x5601a5646c48
&a[15][4], 0x5601a5646bc0
&b[4], 0x5601a5646c50
&a[15][5], 0x5601a5646bc8
&b[5], 0x5601a5646c58
&a[15][6], 0x5601a5646bd0
&b[6], 0x5601a5646c60
&a[15][7], 0x5601a5646bd8
&b[7], 0x5601a5646c68
&a[15][8], 0x5601a5646be0
&b[8], 0x5601a5646c70
&a[15][9], 0x5601a5646be8
&b[9], 0x5601a5646c78
&a[15][10], 0x5601a5646bf0
&b[10], 0x5601a5646c80
&a[15][11], 0x5601a5646bf8
&b[11], 0x5601a5646c88
&a[15][12], 0x5601a5646c00
&b[12], 0x5601a5646c90
&a[15][13], 0x5601a5646c08
&b[13], 0x5601a5646c98
&a[15][14], 0x5601a5646c10
&b[14], 0x5601a5646ca0
&a[15][15], 0x5601a5646c18
&b[15], 0x5601a5646ca8
&c[15], 0x5601a5646d38
28799.000000,22046
